Site ID,J40/0118
Site Name,J40/0118
Site ID,SampleID,Collection Date,Measurement,Value,Units
"J40/0118","20236172","25-Oct 2023 14:50pm","Alkalinity, Total","49.0","g/m3 as CaCO3"
"J40/0118","20236172","25-Oct 2023 14:50pm","Aluminium, Dissolved","<0.003","mg/L"
"J40/0118","20236172","25-Oct 2023 14:50pm","Ammoniacal Nitrogen","<0.010","mg/L"
"J40/0118","20236172","25-Oct 2023 14:50pm","Bicarbonate","60.000","mg/L  at 25°C"
"J40/0118","20236172","25-Oct 2023 14:50pm","Calcium, Dissolved","21.000","mg/L"
"J40/0118","20236172","25-Oct 2023 14:50pm","Chloride","7.500","mg/L"
"J40/0118","20236172","25-Oct 2023 14:50pm","Conductivity","21.8","mS/m"
"J40/0118","20236172","25-Oct 2023 14:50pm","Conductivity (Field)","21.75","mS/m"
"J40/0118","20236172","25-Oct 2023 14:50pm","Difference in Ion Balance","0.280","%"
"J40/0118","20236172","25-Oct 2023 14:50pm","Dissolved Oxygen","9.260","mg/L"
"J40/0118","20236172","25-Oct 2023 14:50pm","Dissolved Oxygen Saturation","92.600","%"
"J40/0118","20236172","25-Oct 2023 14:50pm","Dissolved Reactive Phosphorus","<0.0010","mg/L"
"J40/0118","20236172","25-Oct 2023 14:50pm","E. coli","<1","MPN/100mL"
"J40/0118","20236172","25-Oct 2023 14:50pm","Hardness, Total","78.000","g/m3 as CaCO3"
"J40/0118","20236172","25-Oct 2023 14:50pm","Iron, Dissolved","<0.020","mg/L"
"J40/0118","20236172","25-Oct 2023 14:50pm","Magnesium, Dissolved","5.900","mg/L"
"J40/0118","20236172","25-Oct 2023 14:50pm","Manganese, Dissolved","<0.0005","mg/L"
"J40/0118","20236172","25-Oct 2023 14:50pm","Nitrate Nitrogen","6.700","mg/L"
"J40/0118","20236172","25-Oct 2023 14:50pm","Nitrate-N Nitrite-N","6.700","g/m3"
"J40/0118","20236172","25-Oct 2023 14:50pm","Nitrite Nitrogen","<0.002","mg/L"
"J40/0118","20236172","25-Oct 2023 14:50pm","Oxidation Reduction Potential","255.800","mV"
"J40/0118","20236172","25-Oct 2023 14:50pm","pH","7.2",""
"J40/0118","20236172","25-Oct 2023 14:50pm","pH (Field)","6.02",""
"J40/0118","20236172","25-Oct 2023 14:50pm","Potassium, Dissolved","1.430","mg/L"
"J40/0118","20236172","25-Oct 2023 14:50pm","Silica, Reactive","19.100","mg/L  as SiO2"
"J40/0118","20236172","25-Oct 2023 14:50pm","Sodium, Dissolved","11.400","mg/L"
"J40/0118","20236172","25-Oct 2023 14:50pm","Sulphate","21.000","mg/L"
"J40/0118","20236172","25-Oct 2023 14:50pm","Sum of anions","2.100","meq/L"
"J40/0118","20236172","25-Oct 2023 14:50pm","Sum of cations","2.100","meq/L"
"J40/0118","20236172","25-Oct 2023 14:50pm","Total Coliforms","<1.00","number/100mL"
"J40/0118","20236172","25-Oct 2023 14:50pm","Total Dissolved Phosphorus","<0.002","mg/L"
"J40/0118","20236172","25-Oct 2023 14:50pm","Water Temperature (Field)","13.9","C"
"J40/0118","20226094","20-Oct 2022 09:10am","Alkalinity, Total","49.0","g/m3 as CaCO3"
"J40/0118","20226094","20-Oct 2022 09:10am","Ammoniacal Nitrogen","<0.010","mg/L"
"J40/0118","20226094","20-Oct 2022 09:10am","Arsenic, Dissolved","<0.0010","mg/L"
"J40/0118","20226094","20-Oct 2022 09:10am","Bicarbonate","60.000","mg/L  at 25°C"
"J40/0118","20226094","20-Oct 2022 09:10am","Calcium, Dissolved","21.000","mg/L"
"J40/0118","20226094","20-Oct 2022 09:10am","Chloride","7.500","mg/L"
"J40/0118","20226094","20-Oct 2022 09:10am","Conductivity","22.5","mS/m"
"J40/0118","20226094","20-Oct 2022 09:10am","Conductivity (Field)","19.93","mS/m"
"J40/0118","20226094","20-Oct 2022 09:10am","Difference in Ion Balance","1.070","%"
"J40/0118","20226094","20-Oct 2022 09:10am","Dissolved Oxygen","9.550","mg/L"
"J40/0118","20226094","20-Oct 2022 09:10am","Dissolved Oxygen Saturation","90.400","%"
"J40/0118","20226094","20-Oct 2022 09:10am","Dissolved Reactive Phosphorus","<0.0010","mg/L"
"J40/0118","20226094","20-Oct 2022 09:10am","E. coli","<1","MPN/100mL"
"J40/0118","20226094","20-Oct 2022 09:10am","Hardness, Total","75.000","g/m3 as CaCO3"
"J40/0118","20226094","20-Oct 2022 09:10am","Iron, Dissolved","<0.020","mg/L"
"J40/0118","20226094","20-Oct 2022 09:10am","Magnesium, Dissolved","5.600","mg/L"
"J40/0118","20226094","20-Oct 2022 09:10am","Manganese, Dissolved","<0.0005","mg/L"
"J40/0118","20226094","20-Oct 2022 09:10am","Nitrate Nitrogen","6.100","mg/L"
"J40/0118","20226094","20-Oct 2022 09:10am","Nitrate-N Nitrite-N","6.100","g/m3"
"J40/0118","20226094","20-Oct 2022 09:10am","Nitrite Nitrogen","<0.002","mg/L"
"J40/0118","20226094","20-Oct 2022 09:10am","Oxidation Reduction Potential","203.000","mV"
"J40/0118","20226094","20-Oct 2022 09:10am","pH","7.0",""
"J40/0118","20226094","20-Oct 2022 09:10am","pH (Field)","6.11",""
"J40/0118","20226094","20-Oct 2022 09:10am","Potassium, Dissolved","1.460","mg/L"
"J40/0118","20226094","20-Oct 2022 09:10am","Silica, Reactive","18.900","mg/L  as SiO2"
"J40/0118","20226094","20-Oct 2022 09:10am","Sodium, Dissolved","11.000","mg/L"
"J40/0118","20226094","20-Oct 2022 09:10am","Sulphate","19.700","mg/L"
"J40/0118","20226094","20-Oct 2022 09:10am","Sum of anions","2.000","meq/L"
"J40/0118","20226094","20-Oct 2022 09:10am","Sum of cations","2.000","meq/L"
"J40/0118","20226094","20-Oct 2022 09:10am","Total Coliforms","1.00","number/100mL"
"J40/0118","20226094","20-Oct 2022 09:10am","Total Dissolved Phosphorus","0.003","mg/L"
"J40/0118","20226094","20-Oct 2022 09:10am","Water Temperature (Field)","12.7","C"
"J40/0118","20215877","18-Oct 2021 11:41am","Alkalinity, Total","50.0","g/m3 as CaCO3"
"J40/0118","20215877","18-Oct 2021 11:41am","Ammoniacal Nitrogen","<0.010","mg/L"
"J40/0118","20215877","18-Oct 2021 11:41am","Bicarbonate","60.000","mg/L  at 25°C"
"J40/0118","20215877","18-Oct 2021 11:41am","Calcium, Dissolved","19.500","mg/L"
"J40/0118","20215877","18-Oct 2021 11:41am","Chloride","7.300","mg/L"
"J40/0118","20215877","18-Oct 2021 11:41am","Conductivity","21.1","mS/m"
"J40/0118","20215877","18-Oct 2021 11:41am","Conductivity (Field)","21.33","mS/m"
"J40/0118","20215877","18-Oct 2021 11:41am","Difference in Ion Balance","1.090","%"
"J40/0118","20215877","18-Oct 2021 11:41am","Dissolved Oxygen","8.790","mg/L"
"J40/0118","20215877","18-Oct 2021 11:41am","Dissolved Oxygen Saturation","84.000","%"
"J40/0118","20215877","18-Oct 2021 11:41am","Dissolved Reactive Phosphorus","<0.0010","mg/L"
"J40/0118","20215877","18-Oct 2021 11:41am","E. coli","<1","MPN/100mL"
"J40/0118","20215877","18-Oct 2021 11:41am","Fluoride","0.110","g/m3"
"J40/0118","20215877","18-Oct 2021 11:41am","Hardness, Total","71.000","g/m3 as CaCO3"
"J40/0118","20215877","18-Oct 2021 11:41am","Iron, Dissolved","<0.020","mg/L"
"J40/0118","20215877","18-Oct 2021 11:41am","Magnesium, Dissolved","5.600","mg/L"
"J40/0118","20215877","18-Oct 2021 11:41am","Manganese, Dissolved","0.0014","mg/L"
"J40/0118","20215877","18-Oct 2021 11:41am","Nitrate Nitrogen","5.900","mg/L"
"J40/0118","20215877","18-Oct 2021 11:41am","Nitrate-N Nitrite-N","5.900","g/m3"
"J40/0118","20215877","18-Oct 2021 11:41am","Nitrite Nitrogen","0.002","mg/L"
"J40/0118","20215877","18-Oct 2021 11:41am","Oxidation Reduction Potential","29.200","mV"
"J40/0118","20215877","18-Oct 2021 11:41am","pH","7.1",""
"J40/0118","20215877","18-Oct 2021 11:41am","pH (Field)","5.85",""
"J40/0118","20215877","18-Oct 2021 11:41am","Potassium, Dissolved","1.480","mg/L"
"J40/0118","20215877","18-Oct 2021 11:41am","Silica, Reactive","19.200","mg/L  as SiO2"
"J40/0118","20215877","18-Oct 2021 11:41am","Sodium, Dissolved","11.900","mg/L"
"J40/0118","20215877","18-Oct 2021 11:41am","Sulphate","19.500","mg/L"
"J40/0118","20215877","18-Oct 2021 11:41am","Sum of anions","2.000","meq/L"
"J40/0118","20215877","18-Oct 2021 11:41am","Sum of cations","1.990","meq/L"
"J40/0118","20215877","18-Oct 2021 11:41am","Total Coliforms","1.00","number/100mL"
"J40/0118","20215877","18-Oct 2021 11:41am","Total Dissolved Phosphorus","0.004","mg/L"
"J40/0118","20215877","18-Oct 2021 11:41am","Water Temperature (Field)","12.8","C"
"J40/0118","20206506","26-Nov 2020 12:40pm","Alkalinity, Total","51.0","g/m3 as CaCO3"
"J40/0118","20206506","26-Nov 2020 12:40pm","Ammoniacal Nitrogen","<0.010","mg/L"
"J40/0118","20206506","26-Nov 2020 12:40pm","Bicarbonate","62.000","mg/L  at 25°C"
"J40/0118","20206506","26-Nov 2020 12:40pm","Bromide","0.080","g/m3"
"J40/0118","20206506","26-Nov 2020 12:40pm","Calcium, Dissolved","21.000","mg/L"
"J40/0118","20206506","26-Nov 2020 12:40pm","Chloride","7.500","mg/L"
"J40/0118","20206506","26-Nov 2020 12:40pm","Conductivity","21.6","mS/m"
"J40/0118","20206506","26-Nov 2020 12:40pm","Conductivity (Field)","21.52","mS/m"
"J40/0118","20206506","26-Nov 2020 12:40pm","Difference in Ion Balance","0.930","%"
"J40/0118","20206506","26-Nov 2020 12:40pm","Dissolved Oxygen","6.870","mg/L"
"J40/0118","20206506","26-Nov 2020 12:40pm","Dissolved Oxygen Saturation","65.000","%"
"J40/0118","20206506","26-Nov 2020 12:40pm","Dissolved Reactive Phosphorus","0.0027","mg/L"
"J40/0118","20206506","26-Nov 2020 12:40pm","E. coli","1","MPN/100mL"
"J40/0118","20206506","26-Nov 2020 12:40pm","Fluoride","0.120","g/m3"
"J40/0118","20206506","26-Nov 2020 12:40pm","Hardness, Total","76.000","g/m3 as CaCO3"
"J40/0118","20206506","26-Nov 2020 12:40pm","Iron, Dissolved","<0.020","mg/L"
"J40/0118","20206506","26-Nov 2020 12:40pm","Magnesium, Dissolved","5.800","mg/L"
"J40/0118","20206506","26-Nov 2020 12:40pm","Manganese, Dissolved","0.0011","mg/L"
"J40/0118","20206506","26-Nov 2020 12:40pm","Nitrate Nitrogen","6.100","mg/L"
"J40/0118","20206506","26-Nov 2020 12:40pm","Nitrate-N Nitrite-N","6.100","g/m3"
"J40/0118","20206506","26-Nov 2020 12:40pm","Nitrite Nitrogen","<0.002","mg/L"
"J40/0118","20206506","26-Nov 2020 12:40pm","pH","7.1",""
"J40/0118","20206506","26-Nov 2020 12:40pm","pH (Field)","5.80",""
"J40/0118","20206506","26-Nov 2020 12:40pm","Potassium, Dissolved","1.520","mg/L"
"J40/0118","20206506","26-Nov 2020 12:40pm","Silica, Reactive","18.800","mg/L  as SiO2"
"J40/0118","20206506","26-Nov 2020 12:40pm","Sodium, Dissolved","12.600","mg/L"
"J40/0118","20206506","26-Nov 2020 12:40pm","Sulphate","18.700","mg/L"
"J40/0118","20206506","26-Nov 2020 12:40pm","Sum of anions","2.100","meq/L"
"J40/0118","20206506","26-Nov 2020 12:40pm","Sum of cations","2.100","meq/L"
"J40/0118","20206506","26-Nov 2020 12:40pm","Total Coliforms","9.00","number/100mL"
"J40/0118","20206506","26-Nov 2020 12:40pm","Water Temperature (Field)","12.7","C"
"J40/0118","20196178","30-Oct 2019 13:06pm","Alkalinity, Total","51.0","g/m3 as CaCO3"
"J40/0118","20196178","30-Oct 2019 13:06pm","Ammoniacal Nitrogen","<0.010","mg/L"
"J40/0118","20196178","30-Oct 2019 13:06pm","Bicarbonate","62.000","mg/L  at 25°C"
"J40/0118","20196178","30-Oct 2019 13:06pm","Boron, Dissolved","0.022","mg/L"
"J40/0118","20196178","30-Oct 2019 13:06pm","Bromide","0.056","g/m3"
"J40/0118","20196178","30-Oct 2019 13:06pm","Calcium, Dissolved","20.000","mg/L"
"J40/0118","20196178","30-Oct 2019 13:06pm","Chloride","7.500","mg/L"
"J40/0118","20196178","30-Oct 2019 13:06pm","Conductivity","21.2","mS/m"
"J40/0118","20196178","30-Oct 2019 13:06pm","Conductivity (Field)","19.87","mS/m"
"J40/0118","20196178","30-Oct 2019 13:06pm","Copper, Dissolved","0.0007","mg/L"
"J40/0118","20196178","30-Oct 2019 13:06pm","Difference in Ion Balance","1.760","%"
"J40/0118","20196178","30-Oct 2019 13:06pm","Dissolved Oxygen","10.450","mg/L"
"J40/0118","20196178","30-Oct 2019 13:06pm","Dissolved Oxygen Saturation","99.500","%"
"J40/0118","20196178","30-Oct 2019 13:06pm","Dissolved Reactive Phosphorus","0.0022","mg/L"
"J40/0118","20196178","30-Oct 2019 13:06pm","E. coli","<1","MPN/100mL"
"J40/0118","20196178","30-Oct 2019 13:06pm","Hardness, Total","73.000","g/m3 as CaCO3"
"J40/0118","20196178","30-Oct 2019 13:06pm","Iron, Dissolved","<0.020","mg/L"
"J40/0118","20196178","30-Oct 2019 13:06pm","Magnesium, Dissolved","5.400","mg/L"
"J40/0118","20196178","30-Oct 2019 13:06pm","Manganese, Dissolved","<0.0005","mg/L"
"J40/0118","20196178","30-Oct 2019 13:06pm","Nitrate Nitrogen","5.300","mg/L"
"J40/0118","20196178","30-Oct 2019 13:06pm","pH","6.8",""
"J40/0118","20196178","30-Oct 2019 13:06pm","pH (Field)","6.20",""
"J40/0118","20196178","30-Oct 2019 13:06pm","Potassium, Dissolved","1.470","mg/L"
"J40/0118","20196178","30-Oct 2019 13:06pm","Silica, Reactive","19.900","mg/L  as SiO2"
"J40/0118","20196178","30-Oct 2019 13:06pm","Sodium, Dissolved","12.200","mg/L"
"J40/0118","20196178","30-Oct 2019 13:06pm","Sulphate","17.100","mg/L"
"J40/0118","20196178","30-Oct 2019 13:06pm","Sum of anions","1.960","meq/L"
"J40/0118","20196178","30-Oct 2019 13:06pm","Sum of cations","2.000","meq/L"
"J40/0118","20196178","30-Oct 2019 13:06pm","Total Coliforms","<1.00","number/100mL"
"J40/0118","20196178","30-Oct 2019 13:06pm","Water Temperature (Field)","12.5","C"
"J40/0118","20196178","30-Oct 2019 13:06pm","Zinc, Dissolved","0.004","mg/L"
"J40/0118","20186877","03-Dec 2018 12:48pm","Alkalinity, Total","52.0","g/m3 as CaCO3"
"J40/0118","20186877","03-Dec 2018 12:48pm","Ammoniacal Nitrogen","<0.010","mg/L"
"J40/0118","20186877","03-Dec 2018 12:48pm","Bicarbonate","63.000","mg/L  at 25°C"
"J40/0118","20186877","03-Dec 2018 12:48pm","Boron, Dissolved","0.021","mg/L"
"J40/0118","20186877","03-Dec 2018 12:48pm","Bromide","0.058","g/m3"
"J40/0118","20186877","03-Dec 2018 12:48pm","Calcium, Dissolved","21.000","mg/L"
"J40/0118","20186877","03-Dec 2018 12:48pm","Chloride","7.600","mg/L"
"J40/0118","20186877","03-Dec 2018 12:48pm","Conductivity","21.7","mS/m"
"J40/0118","20186877","03-Dec 2018 12:48pm","Conductivity (Field)","22.09","mS/m"
"J40/0118","20186877","03-Dec 2018 12:48pm","Difference in Ion Balance","4.500","%"
"J40/0118","20186877","03-Dec 2018 12:48pm","Dissolved Oxygen","8.490","mg/L"
"J40/0118","20186877","03-Dec 2018 12:48pm","Dissolved Oxygen Saturation","80.900","%"
"J40/0118","20186877","03-Dec 2018 12:48pm","Dissolved Reactive Phosphorus","0.0020","mg/L"
"J40/0118","20186877","03-Dec 2018 12:48pm","E. coli","2","MPN/100mL"
"J40/0118","20186877","03-Dec 2018 12:48pm","Hardness, Total","76.000","g/m3 as CaCO3"
"J40/0118","20186877","03-Dec 2018 12:48pm","Iron, Dissolved","<0.020","mg/L"
"J40/0118","20186877","03-Dec 2018 12:48pm","Magnesium, Dissolved","5.700","mg/L"
"J40/0118","20186877","03-Dec 2018 12:48pm","Manganese, Dissolved","0.0008","mg/L"
"J40/0118","20186877","03-Dec 2018 12:48pm","Nitrate Nitrogen","5.300","mg/L"
"J40/0118","20186877","03-Dec 2018 12:48pm","pH","6.5",""
"J40/0118","20186877","03-Dec 2018 12:48pm","pH (Field)","5.78",""
"J40/0118","20186877","03-Dec 2018 12:48pm","Potassium, Dissolved","1.560","mg/L"
"J40/0118","20186877","03-Dec 2018 12:48pm","Silica, Reactive","20.000","mg/L  as SiO2"
"J40/0118","20186877","03-Dec 2018 12:48pm","Sodium, Dissolved","13.200","mg/L"
"J40/0118","20186877","03-Dec 2018 12:48pm","Sulphate","15.400","mg/L"
"J40/0118","20186877","03-Dec 2018 12:48pm","Sum of anions","1.940","meq/L"
"J40/0118","20186877","03-Dec 2018 12:48pm","Sum of cations","2.100","meq/L"
"J40/0118","20186877","03-Dec 2018 12:48pm","Total Coliforms","11.0","number/100mL"
"J40/0118","20186877","03-Dec 2018 12:48pm","Water Temperature (Field)","12.5","C"
"J40/0118","20172941","23-Nov 2017 14:31pm","Alkalinity, Total","53.0","g/m3 as CaCO3"
"J40/0118","20172941","23-Nov 2017 14:31pm","Ammoniacal Nitrogen","<0.010","mg/L"
"J40/0118","20172941","23-Nov 2017 14:31pm","Bicarbonate","64.000","mg/L  at 25°C"
"J40/0118","20172941","23-Nov 2017 14:31pm","Boron, Dissolved","0.020","mg/L"
"J40/0118","20172941","23-Nov 2017 14:31pm","Bromide","0.070","g/m3"
"J40/0118","20172941","23-Nov 2017 14:31pm","Calcium, Dissolved","19.400","mg/L"
"J40/0118","20172941","23-Nov 2017 14:31pm","Chloride","7.200","mg/L"
"J40/0118","20172941","23-Nov 2017 14:31pm","Conductivity","20.5","mS/m"
"J40/0118","20172941","23-Nov 2017 14:31pm","Conductivity (Field)","18.90","mS/m"
"J40/0118","20172941","23-Nov 2017 14:31pm","Difference in Ion Balance","0.740","%"
"J40/0118","20172941","23-Nov 2017 14:31pm","Dissolved Oxygen","7.240","mg/L"
"J40/0118","20172941","23-Nov 2017 14:31pm","Dissolved Oxygen Saturation","71.800","%"
"J40/0118","20172941","23-Nov 2017 14:31pm","Dissolved Reactive Phosphorus","0.0029","mg/L"
"J40/0118","20172941","23-Nov 2017 14:31pm","E. coli","3","MPN/100mL"
"J40/0118","20172941","23-Nov 2017 14:31pm","Hardness, Total","71.000","g/m3 as CaCO3"
"J40/0118","20172941","23-Nov 2017 14:31pm","Iron, Dissolved","<0.020","mg/L"
"J40/0118","20172941","23-Nov 2017 14:31pm","Magnesium, Dissolved","5.400","mg/L"
"J40/0118","20172941","23-Nov 2017 14:31pm","Manganese, Dissolved","<0.0005","mg/L"
"J40/0118","20172941","23-Nov 2017 14:31pm","Nitrate Nitrogen","4.900","mg/L"
"J40/0118","20172941","23-Nov 2017 14:31pm","pH","7.0",""
"J40/0118","20172941","23-Nov 2017 14:31pm","pH (Field)","5.60",""
"J40/0118","20172941","23-Nov 2017 14:31pm","Potassium, Dissolved","1.400","mg/L"
"J40/0118","20172941","23-Nov 2017 14:31pm","Silica, Reactive","<0.100","mg/L  as SiO2"
"J40/0118","20172941","23-Nov 2017 14:31pm","Sodium, Dissolved","11.800","mg/L"
"J40/0118","20172941","23-Nov 2017 14:31pm","Sulphate","15.700","mg/L"
"J40/0118","20172941","23-Nov 2017 14:31pm","Sum of anions","1.930","meq/L"
"J40/0118","20172941","23-Nov 2017 14:31pm","Sum of cations","1.960","meq/L"
"J40/0118","20172941","23-Nov 2017 14:31pm","Total Coliforms","9.00","number/100mL"
"J40/0118","20172941","23-Nov 2017 14:31pm","Water Temperature (Field)","13.4","C"
"J40/0118","188270805","23-Nov 2017 14:15pm","Alkalinity, Total","53.0","g/m3 as CaCO3"
"J40/0118","188270805","23-Nov 2017 14:15pm","Ammoniacal Nitrogen","<0.010","mg/L"
"J40/0118","188270805","23-Nov 2017 14:15pm","Bicarbonate","64.000","mg/L  at 25°C"
"J40/0118","188270805","23-Nov 2017 14:15pm","Boron, Dissolved","0.020","mg/L"
"J40/0118","188270805","23-Nov 2017 14:15pm","Bromide","0.070","g/m3"
"J40/0118","188270805","23-Nov 2017 14:15pm","Calcium, Dissolved","19.400","mg/L"
"J40/0118","188270805","23-Nov 2017 14:15pm","Chloride","7.200","mg/L"
"J40/0118","188270805","23-Nov 2017 14:15pm","Conductivity","20.5","mS/m"
"J40/0118","188270805","23-Nov 2017 14:15pm","Difference in Ion Balance","0.740","%"
"J40/0118","188270805","23-Nov 2017 14:15pm","Dissolved Reactive Phosphorus","0.0029","mg/L"
"J40/0118","188270805","23-Nov 2017 14:15pm","E. coli","3","MPN/100mL"
"J40/0118","188270805","23-Nov 2017 14:15pm","Hardness, Total","71.000","g/m3 as CaCO3"
"J40/0118","188270805","23-Nov 2017 14:15pm","Iron, Dissolved","<0.020","mg/L"
"J40/0118","188270805","23-Nov 2017 14:15pm","Magnesium, Dissolved","5.400","mg/L"
"J40/0118","188270805","23-Nov 2017 14:15pm","Manganese, Dissolved","<0.0005","mg/L"
"J40/0118","188270805","23-Nov 2017 14:15pm","Nitrate Nitrogen","4.900","mg/L"
"J40/0118","188270805","23-Nov 2017 14:15pm","pH","7.0",""
"J40/0118","188270805","23-Nov 2017 14:15pm","Potassium, Dissolved","1.400","mg/L"
"J40/0118","188270805","23-Nov 2017 14:15pm","Silica, Reactive","<0.100","mg/L  as SiO2"
"J40/0118","188270805","23-Nov 2017 14:15pm","Sodium, Dissolved","11.800","mg/L"
"J40/0118","188270805","23-Nov 2017 14:15pm","Sulphate","15.700","mg/L"
"J40/0118","188270805","23-Nov 2017 14:15pm","Sum of anions","1.930","meq/L"
"J40/0118","188270805","23-Nov 2017 14:15pm","Sum of cations","1.960","meq/L"
"J40/0118","188270805","23-Nov 2017 14:15pm","Total Coliforms","9.00","number/100mL"
"J40/0118","166143203","07-Oct 2016 12:30pm","Alkalinity, Total","54.0","g/m3 as CaCO3"
"J40/0118","166143203","07-Oct 2016 12:30pm","Ammoniacal Nitrogen","<0.010","mg/L"
"J40/0118","166143203","07-Oct 2016 12:30pm","Bicarbonate","66.000","mg/L  at 25°C"
"J40/0118","166143203","07-Oct 2016 12:30pm","Calcium, Dissolved","18.400","mg/L"
"J40/0118","166143203","07-Oct 2016 12:30pm","Chloride","6.600","mg/L"
"J40/0118","166143203","07-Oct 2016 12:30pm","Conductivity","19.7","mS/m"
"J40/0118","166143203","07-Oct 2016 12:30pm","Conductivity (Field)","18.43","mS/m"
"J40/0118","166143203","07-Oct 2016 12:30pm","Difference in Ion Balance","0.320","%"
"J40/0118","166143203","07-Oct 2016 12:30pm","Dissolved Oxygen","6.600","mg/L"
"J40/0118","166143203","07-Oct 2016 12:30pm","Dissolved Oxygen Saturation","63.400","%"
"J40/0118","166143203","07-Oct 2016 12:30pm","Dissolved Reactive Phosphorus","0.0025","mg/L"
"J40/0118","166143203","07-Oct 2016 12:30pm","E. coli","<1","MPN/100mL"
"J40/0118","166143203","07-Oct 2016 12:30pm","Hardness, Total","66.000","g/m3 as CaCO3"
"J40/0118","166143203","07-Oct 2016 12:30pm","Iron, Dissolved","<0.020","mg/L"
"J40/0118","166143203","07-Oct 2016 12:30pm","Magnesium, Dissolved","4.800","mg/L"
"J40/0118","166143203","07-Oct 2016 12:30pm","Manganese, Dissolved","<0.0005","mg/L"
"J40/0118","166143203","07-Oct 2016 12:30pm","Nitrate Nitrogen","4.400","mg/L"
"J40/0118","166143203","07-Oct 2016 12:30pm","Oxidation Reduction Potential","142.300","mV"
"J40/0118","166143203","07-Oct 2016 12:30pm","pH","7.2",""
"J40/0118","166143203","07-Oct 2016 12:30pm","pH (Field)","6.16",""
"J40/0118","166143203","07-Oct 2016 12:30pm","Potassium, Dissolved","1.300","mg/L"
"J40/0118","166143203","07-Oct 2016 12:30pm","Silica, Reactive","20.000","mg/L  as SiO2"
"J40/0118","166143203","07-Oct 2016 12:30pm","Sodium, Dissolved","12.500","mg/L"
"J40/0118","166143203","07-Oct 2016 12:30pm","Sulphate","14.800","mg/L"
"J40/0118","166143203","07-Oct 2016 12:30pm","Sum of anions","1.900","meq/L"
"J40/0118","166143203","07-Oct 2016 12:30pm","Sum of cations","1.890","meq/L"
"J40/0118","166143203","07-Oct 2016 12:30pm","Total Coliforms","<1.00","number/100mL"
"J40/0118","166143203","07-Oct 2016 12:30pm","Water Temperature (Field)","13.3","C"
"J40/0118","148297103","30-Sep 2015 11:30am","Alkalinity, Total","56.0","g/m3 as CaCO3"
"J40/0118","148297103","30-Sep 2015 11:30am","Ammoniacal Nitrogen","<0.010","mg/L"
"J40/0118","148297103","30-Sep 2015 11:30am","Bicarbonate","68.000","mg/L  at 25°C"
"J40/0118","148297103","30-Sep 2015 11:30am","Calcium, Dissolved","18.600","mg/L"
"J40/0118","148297103","30-Sep 2015 11:30am","Chloride","7.200","mg/L"
"J40/0118","148297103","30-Sep 2015 11:30am","Conductivity","19.7","mS/m"
"J40/0118","148297103","30-Sep 2015 11:30am","Conductivity (Field)","18.02","mS/m"
"J40/0118","148297103","30-Sep 2015 11:30am","Difference in Ion Balance","2.600","%"
"J40/0118","148297103","30-Sep 2015 11:30am","Dissolved Oxygen","6.810","mg/L"
"J40/0118","148297103","30-Sep 2015 11:30am","Dissolved Oxygen Saturation","63.300","%"
"J40/0118","148297103","30-Sep 2015 11:30am","Dissolved Reactive Phosphorus","0.0028","mg/L"
"J40/0118","148297103","30-Sep 2015 11:30am","E. coli","<1","MPN/100mL"
"J40/0118","148297103","30-Sep 2015 11:30am","Hardness, Total","68.000","g/m3 as CaCO3"
"J40/0118","148297103","30-Sep 2015 11:30am","Iron, Dissolved","<0.020","mg/L"
"J40/0118","148297103","30-Sep 2015 11:30am","Magnesium, Dissolved","5.100","mg/L"
"J40/0118","148297103","30-Sep 2015 11:30am","Manganese, Dissolved","0.0008","mg/L"
"J40/0118","148297103","30-Sep 2015 11:30am","Nitrate Nitrogen","3.800","mg/L"
"J40/0118","148297103","30-Sep 2015 11:30am","pH","6.9",""
"J40/0118","148297103","30-Sep 2015 11:30am","pH (Field)","6.15",""
"J40/0118","148297103","30-Sep 2015 11:30am","Potassium, Dissolved","1.480","mg/L"
"J40/0118","148297103","30-Sep 2015 11:30am","Silica, Reactive","21.000","mg/L  as SiO2"
"J40/0118","148297103","30-Sep 2015 11:30am","Sodium, Dissolved","13.500","mg/L"
"J40/0118","148297103","30-Sep 2015 11:30am","Sulphate","14.000","mg/L"
"J40/0118","148297103","30-Sep 2015 11:30am","Sum of anions","1.880","meq/L"
"J40/0118","148297103","30-Sep 2015 11:30am","Sum of cations","1.980","meq/L"
"J40/0118","148297103","30-Sep 2015 11:30am","Total Coliforms","<1.00","number/100mL"
"J40/0118","148297103","30-Sep 2015 11:30am","Water Temperature (Field)","12.5","C"
"J40/0118","132785503","18-Sep 2014 15:30pm","Alkalinity, Total","57.0","g/m3 as CaCO3"
"J40/0118","132785503","18-Sep 2014 15:30pm","Ammoniacal Nitrogen","<0.010","mg/L"
"J40/0118","132785503","18-Sep 2014 15:30pm","Bicarbonate","69.000","mg/L  at 25°C"
"J40/0118","132785503","18-Sep 2014 15:30pm","Calcium, Dissolved","18.600","mg/L"
"J40/0118","132785503","18-Sep 2014 15:30pm","Chloride","7.500","mg/L"
"J40/0118","132785503","18-Sep 2014 15:30pm","Conductivity","19.4","mS/m"
"J40/0118","132785503","18-Sep 2014 15:30pm","Conductivity (Field)","18.90","mS/m"
"J40/0118","132785503","18-Sep 2014 15:30pm","Difference in Ion Balance","1.590","%"
"J40/0118","132785503","18-Sep 2014 15:30pm","Dissolved Oxygen","7.400","mg/L"
"J40/0118","132785503","18-Sep 2014 15:30pm","Dissolved Oxygen Saturation","70.400","%"
"J40/0118","132785503","18-Sep 2014 15:30pm","Dissolved Reactive Phosphorus","0.0017","mg/L"
"J40/0118","132785503","18-Sep 2014 15:30pm","E. coli","<1","MPN/100mL"
"J40/0118","132785503","18-Sep 2014 15:30pm","Hardness, Total","67.000","g/m3 as CaCO3"
"J40/0118","132785503","18-Sep 2014 15:30pm","Iron, Dissolved","<0.020","mg/L"
"J40/0118","132785503","18-Sep 2014 15:30pm","Magnesium, Dissolved","5.100","mg/L"
"J40/0118","132785503","18-Sep 2014 15:30pm","Manganese, Dissolved","0.0006","mg/L"
"J40/0118","132785503","18-Sep 2014 15:30pm","Nitrate Nitrogen","4.000","mg/L"
"J40/0118","132785503","18-Sep 2014 15:30pm","pH","7.0",""
"J40/0118","132785503","18-Sep 2014 15:30pm","pH (Field)","6.38",""
"J40/0118","132785503","18-Sep 2014 15:30pm","Potassium, Dissolved","1.250","mg/L"
"J40/0118","132785503","18-Sep 2014 15:30pm","Silica, Reactive","18.700","mg/L  as SiO2"
"J40/0118","132785503","18-Sep 2014 15:30pm","Sodium, Dissolved","13.400","mg/L"
"J40/0118","132785503","18-Sep 2014 15:30pm","Sulphate","13.200","mg/L"
"J40/0118","132785503","18-Sep 2014 15:30pm","Sum of anions","1.900","meq/L"
"J40/0118","132785503","18-Sep 2014 15:30pm","Sum of cations","1.960","meq/L"
"J40/0118","132785503","18-Sep 2014 15:30pm","Total Coliforms","2.00","number/100mL"
"J40/0118","132785503","18-Sep 2014 15:30pm","Total Dissolved Phosphorus","<0.004","mg/L"
"J40/0118","132785503","18-Sep 2014 15:30pm","Total Dissolved Phosphorus Digestion","*",""
"J40/0118","132785503","18-Sep 2014 15:30pm","Water Temperature (Field)","12.8","C"
"J40/0118","118497805","26-Sep 2013 14:30pm","Alkalinity, Total","56.0","g/m3 as CaCO3"
"J40/0118","118497805","26-Sep 2013 14:30pm","Ammoniacal Nitrogen","<0.010","mg/L"
"J40/0118","118497805","26-Sep 2013 14:30pm","Bicarbonate","68.000","mg/L  at 25°C"
"J40/0118","118497805","26-Sep 2013 14:30pm","Calcium, Dissolved","18.400","mg/L"
"J40/0118","118497805","26-Sep 2013 14:30pm","Chloride","8.400","mg/L"
"J40/0118","118497805","26-Sep 2013 14:30pm","Conductivity","19.5","mS/m"
"J40/0118","118497805","26-Sep 2013 14:30pm","Conductivity (Field)","18.82","mS/m"
"J40/0118","118497805","26-Sep 2013 14:30pm","Difference in Ion Balance","0.700","%"
"J40/0118","118497805","26-Sep 2013 14:30pm","Dissolved Oxygen","1.660","mg/L"
"J40/0118","118497805","26-Sep 2013 14:30pm","Dissolved Oxygen Saturation","17.700","%"
"J40/0118","118497805","26-Sep 2013 14:30pm","E. coli","<1","MPN/100mL"
"J40/0118","118497805","26-Sep 2013 14:30pm","Hardness, Total","67.000","g/m3 as CaCO3"
"J40/0118","118497805","26-Sep 2013 14:30pm","Iron, Dissolved","<0.020","mg/L"
"J40/0118","118497805","26-Sep 2013 14:30pm","Magnesium, Dissolved","5.100","mg/L"
"J40/0118","118497805","26-Sep 2013 14:30pm","Manganese, Dissolved","0.0006","mg/L"
"J40/0118","118497805","26-Sep 2013 14:30pm","Nitrate Nitrogen","3.800","mg/L"
"J40/0118","118497805","26-Sep 2013 14:30pm","pH","6.9",""
"J40/0118","118497805","26-Sep 2013 14:30pm","pH (Field)","5.96",""
"J40/0118","118497805","26-Sep 2013 14:30pm","Potassium, Dissolved","1.390","mg/L"
"J40/0118","118497805","26-Sep 2013 14:30pm","Silica, Reactive","18.800","mg/L  as SiO2"
"J40/0118","118497805","26-Sep 2013 14:30pm","Sodium, Dissolved","12.700","mg/L"
"J40/0118","118497805","26-Sep 2013 14:30pm","Sulphate","12.900","mg/L"
"J40/0118","118497805","26-Sep 2013 14:30pm","Sum of anions","1.900","meq/L"
"J40/0118","118497805","26-Sep 2013 14:30pm","Sum of cations","1.930","meq/L"
"J40/0118","118497805","26-Sep 2013 14:30pm","Total Coliforms","5.00","number/100mL"
"J40/0118","118497805","26-Sep 2013 14:30pm","Water Temperature (Field)","15.3","C"
"J40/0118","1204558","18-Sep 2012 14:00pm","Alkalinity to pH 4.5 as HCO3","71.000","mg/L  as HCO3"
"J40/0118","1204558","18-Sep 2012 14:00pm","Ammoniacal Nitrogen","<0.005","mg/L"
"J40/0118","1204558","18-Sep 2012 14:00pm","Boron, Dissolved","0.020","mg/L"
"J40/0118","1204558","18-Sep 2012 14:00pm","Cadmium, Dissolved","<0.00005","mg/L"
"J40/0118","1204558","18-Sep 2012 14:00pm","Calcium, Dissolved","18.200","mg/L"
"J40/0118","1204558","18-Sep 2012 14:00pm","Chloride","8.600","mg/L"
"J40/0118","1204558","18-Sep 2012 14:00pm","Conductivity","18.0","mS/m"
"J40/0118","1204558","18-Sep 2012 14:00pm","Conductivity (Field)","17.90","mS/m"
"J40/0118","1204558","18-Sep 2012 14:00pm","Difference in Ion Balance","-1.900","%"
"J40/0118","1204558","18-Sep 2012 14:00pm","Dissolved Oxygen","5.320","mg/L"
"J40/0118","1204558","18-Sep 2012 14:00pm","Dissolved Oxygen Saturation","49.100","%"
"J40/0118","1204558","18-Sep 2012 14:00pm","E. coli","<1","MPN/100mL"
"J40/0118","1204558","18-Sep 2012 14:00pm","Hardness, Total","66.000","g/m3 as CaCO3"
"J40/0118","1204558","18-Sep 2012 14:00pm","Iron, Dissolved","<0.020","mg/L"
"J40/0118","1204558","18-Sep 2012 14:00pm","Magnesium, Dissolved","5.050","mg/L"
"J40/0118","1204558","18-Sep 2012 14:00pm","Manganese, Dissolved","<0.0005","mg/L"
"J40/0118","1204558","18-Sep 2012 14:00pm","Nitrate Nitrogen","3.600","mg/L"
"J40/0118","1204558","18-Sep 2012 14:00pm","pH","7.0",""
"J40/0118","1204558","18-Sep 2012 14:00pm","pH (Field)","6.00",""
"J40/0118","1204558","18-Sep 2012 14:00pm","Potassium, Dissolved","1.370","mg/L"
"J40/0118","1204558","18-Sep 2012 14:00pm","Silica, Reactive","18.000","mg/L  as SiO2"
"J40/0118","1204558","18-Sep 2012 14:00pm","Sodium, Dissolved","12.100","mg/L"
"J40/0118","1204558","18-Sep 2012 14:00pm","Sulphate","14.000","mg/L"
"J40/0118","1204558","18-Sep 2012 14:00pm","Sum of anions","1.955","meq/L"
"J40/0118","1204558","18-Sep 2012 14:00pm","Sum of cations","1.881","meq/L"
"J40/0118","1204558","18-Sep 2012 14:00pm","Total Coliforms","<1.00","number/100mL"
"J40/0118","1204558","18-Sep 2012 14:00pm","Water Temperature (Field)","12.3","C"
"J40/0118","1105545","10-Oct 2011 13:30pm","Alkalinity to pH 4.5 as HCO3","72.000","mg/L  as HCO3"
"J40/0118","1105545","10-Oct 2011 13:30pm","Ammoniacal Nitrogen","0.007","mg/L"
"J40/0118","1105545","10-Oct 2011 13:30pm","Calcium, Dissolved","17.100","mg/L"
"J40/0118","1105545","10-Oct 2011 13:30pm","Chloride","8.000","mg/L"
"J40/0118","1105545","10-Oct 2011 13:30pm","Conductivity","18.0","mS/m"
"J40/0118","1105545","10-Oct 2011 13:30pm","Conductivity (Field)","18.60","mS/m"
"J40/0118","1105545","10-Oct 2011 13:30pm","Difference in Ion Balance","-2.100","%"
"J40/0118","1105545","10-Oct 2011 13:30pm","Dissolved Oxygen","4.850","mg/L"
"J40/0118","1105545","10-Oct 2011 13:30pm","Dissolved Oxygen Saturation","45.200","%"
"J40/0118","1105545","10-Oct 2011 13:30pm","E. coli","<1","MPN/100mL"
"J40/0118","1105545","10-Oct 2011 13:30pm","Hardness, Total","63.000","g/m3 as CaCO3"
"J40/0118","1105545","10-Oct 2011 13:30pm","Iron, Dissolved","<0.020","mg/L"
"J40/0118","1105545","10-Oct 2011 13:30pm","Magnesium, Dissolved","4.900","mg/L"
"J40/0118","1105545","10-Oct 2011 13:30pm","Manganese, Dissolved","<0.0005","mg/L"
"J40/0118","1105545","10-Oct 2011 13:30pm","Nitrate Nitrogen","2.900","mg/L"
"J40/0118","1105545","10-Oct 2011 13:30pm","pH","7.3",""
"J40/0118","1105545","10-Oct 2011 13:30pm","pH (Field)","6.40",""
"J40/0118","1105545","10-Oct 2011 13:30pm","Potassium, Dissolved","1.290","mg/L"
"J40/0118","1105545","10-Oct 2011 13:30pm","Silica, Reactive","19.000","mg/L  as SiO2"
"J40/0118","1105545","10-Oct 2011 13:30pm","Sodium, Dissolved","12.000","mg/L"
"J40/0118","1105545","10-Oct 2011 13:30pm","Sulphate","13.000","mg/L"
"J40/0118","1105545","10-Oct 2011 13:30pm","Sum of anions","1.884","meq/L"
"J40/0118","1105545","10-Oct 2011 13:30pm","Sum of cations","1.808","meq/L"
"J40/0118","1105545","10-Oct 2011 13:30pm","Total Coliforms","<1.00","number/100mL"
"J40/0118","1105545","10-Oct 2011 13:30pm","Water Temperature (Field)","12.3","C"
"J40/0118","1005658","07-Oct 2010 13:30pm","Alkalinity to pH 4.5 as HCO3","71.000","mg/L  as HCO3"
"J40/0118","1005658","07-Oct 2010 13:30pm","Ammoniacal Nitrogen","0.013","mg/L"
"J40/0118","1005658","07-Oct 2010 13:30pm","Calcium, Dissolved","17.000","mg/L"
"J40/0118","1005658","07-Oct 2010 13:30pm","Chloride","8.700","mg/L"
"J40/0118","1005658","07-Oct 2010 13:30pm","Conductivity","20.0","mS/m"
"J40/0118","1005658","07-Oct 2010 13:30pm","Conductivity (Field)","20.00","mS/m"
"J40/0118","1005658","07-Oct 2010 13:30pm","Difference in Ion Balance","-2.500","%"
"J40/0118","1005658","07-Oct 2010 13:30pm","Dissolved Oxygen","1.850","mg/L"
"J40/0118","1005658","07-Oct 2010 13:30pm","Dissolved Oxygen Saturation","17.100","%"
"J40/0118","1005658","07-Oct 2010 13:30pm","E. coli","<1","MPN/100mL"
"J40/0118","1005658","07-Oct 2010 13:30pm","Hardness, Total","63.000","g/m3 as CaCO3"
"J40/0118","1005658","07-Oct 2010 13:30pm","Iron, Dissolved","<0.030","mg/L"
"J40/0118","1005658","07-Oct 2010 13:30pm","Magnesium, Dissolved","5.000","mg/L"
"J40/0118","1005658","07-Oct 2010 13:30pm","Manganese, Dissolved","<0.0100","mg/L"
"J40/0118","1005658","07-Oct 2010 13:30pm","Nitrate Nitrogen","3.000","mg/L"
"J40/0118","1005658","07-Oct 2010 13:30pm","pH","7.2",""
"J40/0118","1005658","07-Oct 2010 13:30pm","pH (Field)","5.50",""
"J40/0118","1005658","07-Oct 2010 13:30pm","Potassium, Dissolved","0.900","mg/L"
"J40/0118","1005658","07-Oct 2010 13:30pm","Silica, Reactive","18.000","mg/L  as SiO2"
"J40/0118","1005658","07-Oct 2010 13:30pm","Sodium, Dissolved","12.000","mg/L"
"J40/0118","1005658","07-Oct 2010 13:30pm","Sulphate","13.000","mg/L"
"J40/0118","1005658","07-Oct 2010 13:30pm","Sum of anions","1.894","meq/L"
"J40/0118","1005658","07-Oct 2010 13:30pm","Sum of cations","1.801","meq/L"
"J40/0118","1005658","07-Oct 2010 13:30pm","Total Coliforms","<1.00","number/100mL"
"J40/0118","1005658","07-Oct 2010 13:30pm","Water Temperature (Field)","12.2","C"
"J40/0118","2905866","19-Oct 2009 13:30pm","Alkalinity to pH 4.5 as HCO3","72.000","mg/L  as HCO3"
"J40/0118","2905866","19-Oct 2009 13:30pm","Ammoniacal Nitrogen","0.019","mg/L"
"J40/0118","2905866","19-Oct 2009 13:30pm","Calcium, Dissolved","18.000","mg/L"
"J40/0118","2905866","19-Oct 2009 13:30pm","Chloride","8.900","mg/L"
"J40/0118","2905866","19-Oct 2009 13:30pm","Conductivity","20.0","mS/m"
"J40/0118","2905866","19-Oct 2009 13:30pm","Conductivity (Field)","20.50","mS/m"
"J40/0118","2905866","19-Oct 2009 13:30pm","Difference in Ion Balance","-2.800","%"
"J40/0118","2905866","19-Oct 2009 13:30pm","Dissolved Oxygen","2.330","mg/L"
"J40/0118","2905866","19-Oct 2009 13:30pm","Dissolved Oxygen Saturation","25.100","%"
"J40/0118","2905866","19-Oct 2009 13:30pm","E. coli","<1","MPN/100mL"
"J40/0118","2905866","19-Oct 2009 13:30pm","Hardness, Total","65.000","g/m3 as CaCO3"
"J40/0118","2905866","19-Oct 2009 13:30pm","Iron, Dissolved","<0.030","mg/L"
"J40/0118","2905866","19-Oct 2009 13:30pm","Magnesium, Dissolved","4.800","mg/L"
"J40/0118","2905866","19-Oct 2009 13:30pm","Manganese, Dissolved","<0.0100","mg/L"
"J40/0118","2905866","19-Oct 2009 13:30pm","Nitrate Nitrogen","3.500","mg/L"
"J40/0118","2905866","19-Oct 2009 13:30pm","pH","6.8",""
"J40/0118","2905866","19-Oct 2009 13:30pm","pH (Field)","6.10",""
"J40/0118","2905866","19-Oct 2009 13:30pm","Potassium, Dissolved","1.300","mg/L"
"J40/0118","2905866","19-Oct 2009 13:30pm","Silica, Reactive","17.000","mg/L  as SiO2"
"J40/0118","2905866","19-Oct 2009 13:30pm","Sodium, Dissolved","12.000","mg/L"
"J40/0118","2905866","19-Oct 2009 13:30pm","Sulphate","13.000","mg/L"
"J40/0118","2905866","19-Oct 2009 13:30pm","Sum of anions","1.952","meq/L"
"J40/0118","2905866","19-Oct 2009 13:30pm","Sum of cations","1.846","meq/L"
"J40/0118","2905866","19-Oct 2009 13:30pm","Total Coliforms","<1.00","number/100mL"
"J40/0118","2905866","19-Oct 2009 13:30pm","Water Temperature (Field)","14.2","C"
"J40/0118","2806551","08-Oct 2008 09:30am","Alkalinity to pH 4.5 as HCO3","59.000","mg/L  as HCO3"
"J40/0118","2806551","08-Oct 2008 09:30am","Ammoniacal Nitrogen","0.008","mg/L"
"J40/0118","2806551","08-Oct 2008 09:30am","Calcium, Dissolved","18.000","mg/L"
"J40/0118","2806551","08-Oct 2008 09:30am","Chloride","9.600","mg/L"
"J40/0118","2806551","08-Oct 2008 09:30am","Conductivity","20.0","mS/m"
"J40/0118","2806551","08-Oct 2008 09:30am","Conductivity (Field)","20.00","mS/m"
"J40/0118","2806551","08-Oct 2008 09:30am","Difference in Ion Balance","3.100","%"
"J40/0118","2806551","08-Oct 2008 09:30am","Dissolved Oxygen","3.170","mg/L"
"J40/0118","2806551","08-Oct 2008 09:30am","Dissolved Oxygen Saturation","30.700","%"
"J40/0118","2806551","08-Oct 2008 09:30am","Dissolved Reactive Phosphorus","0.0020","mg/L"
"J40/0118","2806551","08-Oct 2008 09:30am","E. coli","<1","MPN/100mL"
"J40/0118","2806551","08-Oct 2008 09:30am","Hardness, Total","66.000","g/m3 as CaCO3"
"J40/0118","2806551","08-Oct 2008 09:30am","Iron, Dissolved","<0.030","mg/L"
"J40/0118","2806551","08-Oct 2008 09:30am","Magnesium, Dissolved","5.100","mg/L"
"J40/0118","2806551","08-Oct 2008 09:30am","Manganese, Dissolved","<0.0100","mg/L"
"J40/0118","2806551","08-Oct 2008 09:30am","Nitrate Nitrogen","3.800","mg/L"
"J40/0118","2806551","08-Oct 2008 09:30am","Oxygen 18","-9.120",""
"J40/0118","2806551","08-Oct 2008 09:30am","pH","6.7",""
"J40/0118","2806551","08-Oct 2008 09:30am","pH (Field)","6.10",""
"J40/0118","2806551","08-Oct 2008 09:30am","Potassium, Dissolved","1.400","mg/L"
"J40/0118","2806551","08-Oct 2008 09:30am","Silica, Reactive","18.000","mg/L  as SiO2"
"J40/0118","2806551","08-Oct 2008 09:30am","Sodium, Dissolved","13.000","mg/L"
"J40/0118","2806551","08-Oct 2008 09:30am","Sulphate","14.000","mg/L"
"J40/0118","2806551","08-Oct 2008 09:30am","Sum of anions","1.801","meq/L"
"J40/0118","2806551","08-Oct 2008 09:30am","Sum of cations","1.915","meq/L"
"J40/0118","2806551","08-Oct 2008 09:30am","Total Coliforms","2.00","number/100mL"
"J40/0118","2806551","08-Oct 2008 09:30am","Water Temperature (Field)","12.1","C"
"J40/0118","2706065","29-Oct 2007 13:00pm","Alkalinity to pH 4.5 as HCO3","65.000","mg/L  as HCO3"
"J40/0118","2706065","29-Oct 2007 13:00pm","Ammoniacal Nitrogen","<0.005","mg/L"
"J40/0118","2706065","29-Oct 2007 13:00pm","Calcium, Dissolved","20.000","mg/L"
"J40/0118","2706065","29-Oct 2007 13:00pm","Chloride","9.500","mg/L"
"J40/0118","2706065","29-Oct 2007 13:00pm","Conductivity","19.0","mS/m"
"J40/0118","2706065","29-Oct 2007 13:00pm","Conductivity (Field)","19.70","mS/m"
"J40/0118","2706065","29-Oct 2007 13:00pm","Difference in Ion Balance","5.400","%"
"J40/0118","2706065","29-Oct 2007 13:00pm","Dissolved Oxygen","3.260","mg/L"
"J40/0118","2706065","29-Oct 2007 13:00pm","Dissolved Oxygen Saturation","32.000","%"
"J40/0118","2706065","29-Oct 2007 13:00pm","Dissolved Reactive Phosphorus","0.0030","mg/L"
"J40/0118","2706065","29-Oct 2007 13:00pm","E. coli","<1","MPN/100mL"
"J40/0118","2706065","29-Oct 2007 13:00pm","Hardness, Total","73.000","g/m3 as CaCO3"
"J40/0118","2706065","29-Oct 2007 13:00pm","Iron, Dissolved","<0.030","mg/L"
"J40/0118","2706065","29-Oct 2007 13:00pm","Magnesium, Dissolved","5.500","mg/L"
"J40/0118","2706065","29-Oct 2007 13:00pm","Manganese, Dissolved","<0.0100","mg/L"
"J40/0118","2706065","29-Oct 2007 13:00pm","Nitrate Nitrogen","3.300","mg/L"
"J40/0118","2706065","29-Oct 2007 13:00pm","pH","6.6",""
"J40/0118","2706065","29-Oct 2007 13:00pm","pH (Field)","7.00",""
"J40/0118","2706065","29-Oct 2007 13:00pm","Potassium, Dissolved","1.600","mg/L"
"J40/0118","2706065","29-Oct 2007 13:00pm","Silica, Reactive","18.000","mg/L  as SiO2"
"J40/0118","2706065","29-Oct 2007 13:00pm","Sodium, Dissolved","14.000","mg/L"
"J40/0118","2706065","29-Oct 2007 13:00pm","Sulphate","15.000","mg/L"
"J40/0118","2706065","29-Oct 2007 13:00pm","Sum of anions","1.882","meq/L"
"J40/0118","2706065","29-Oct 2007 13:00pm","Sum of cations","2.096","meq/L"
"J40/0118","2706065","29-Oct 2007 13:00pm","Total Coliforms","<1.00","number/100mL"
"J40/0118","2706065","29-Oct 2007 13:00pm","Water Temperature (Field)","12.6","C"
"J40/0118","2605624","18-Sep 2006 10:30am","Alkalinity to pH 4.5 as HCO3","64.000","mg/L  as HCO3"
"J40/0118","2605624","18-Sep 2006 10:30am","Ammoniacal Nitrogen","0.010","mg/L"
"J40/0118","2605624","18-Sep 2006 10:30am","Calcium, Dissolved","17.000","mg/L"
"J40/0118","2605624","18-Sep 2006 10:30am","Chloride","9.800","mg/L"
"J40/0118","2605624","18-Sep 2006 10:30am","Conductivity","19.0","mS/m"
"J40/0118","2605624","18-Sep 2006 10:30am","Conductivity (Field)","19.90","mS/m"
"J40/0118","2605624","18-Sep 2006 10:30am","Difference in Ion Balance","-3.100","%"
"J40/0118","2605624","18-Sep 2006 10:30am","Dissolved Oxygen","5.020","mg/L"
"J40/0118","2605624","18-Sep 2006 10:30am","Dissolved Oxygen Saturation","51.900","%"
"J40/0118","2605624","18-Sep 2006 10:30am","E. coli","<1","MPN/100mL"
"J40/0118","2605624","18-Sep 2006 10:30am","Hardness, Total","63.000","g/m3 as CaCO3"
"J40/0118","2605624","18-Sep 2006 10:30am","Iron, Dissolved","0.030","mg/L"
"J40/0118","2605624","18-Sep 2006 10:30am","Magnesium, Dissolved","4.900","mg/L"
"J40/0118","2605624","18-Sep 2006 10:30am","Manganese, Dissolved","<0.0100","mg/L"
"J40/0118","2605624","18-Sep 2006 10:30am","Nitrate Nitrogen","3.600","mg/L"
"J40/0118","2605624","18-Sep 2006 10:30am","pH","6.7",""
"J40/0118","2605624","18-Sep 2006 10:30am","pH (Field)","6.50",""
"J40/0118","2605624","18-Sep 2006 10:30am","Potassium, Dissolved","1.200","mg/L"
"J40/0118","2605624","18-Sep 2006 10:30am","Silica, Reactive","18.000","mg/L  as SiO2"
"J40/0118","2605624","18-Sep 2006 10:30am","Sodium, Dissolved","12.000","mg/L"
"J40/0118","2605624","18-Sep 2006 10:30am","Sulphate","16.000","mg/L"
"J40/0118","2605624","18-Sep 2006 10:30am","Sum of anions","1.916","meq/L"
"J40/0118","2605624","18-Sep 2006 10:30am","Sum of cations","1.801","meq/L"
"J40/0118","2605624","18-Sep 2006 10:30am","Total Coliforms","5.00","number/100mL"
"J40/0118","2605624","18-Sep 2006 10:30am","Water Temperature (Field)","12.4","C"
"J40/0118","2506652","12-Oct 2005 10:15am","Alkalinity to pH 4.5 as HCO3","66.000","mg/L  as HCO3"
"J40/0118","2506652","12-Oct 2005 10:15am","Ammoniacal Nitrogen","0.022","mg/L"
"J40/0118","2506652","12-Oct 2005 10:15am","Calcium, Dissolved","17.000","mg/L"
"J40/0118","2506652","12-Oct 2005 10:15am","Chloride","9.900","mg/L"
"J40/0118","2506652","12-Oct 2005 10:15am","Conductivity","19.0","mS/m"
"J40/0118","2506652","12-Oct 2005 10:15am","Conductivity (Field)","19.60","mS/m"
"J40/0118","2506652","12-Oct 2005 10:15am","Difference in Ion Balance","-2.500","%"
"J40/0118","2506652","12-Oct 2005 10:15am","Dissolved Oxygen","6.000","mg/L"
"J40/0118","2506652","12-Oct 2005 10:15am","Dissolved Oxygen Saturation","59.800","%"
"J40/0118","2506652","12-Oct 2005 10:15am","E. coli","<1","MPN/100mL"
"J40/0118","2506652","12-Oct 2005 10:15am","Hardness, Total","62.000","g/m3 as CaCO3"
"J40/0118","2506652","12-Oct 2005 10:15am","Iron, Dissolved","<0.030","mg/L"
"J40/0118","2506652","12-Oct 2005 10:15am","Magnesium, Dissolved","4.800","mg/L"
"J40/0118","2506652","12-Oct 2005 10:15am","Manganese, Dissolved","<0.0100","mg/L"
"J40/0118","2506652","12-Oct 2005 10:15am","Nitrate Nitrogen","3.600","mg/L"
"J40/0118","2506652","12-Oct 2005 10:15am","pH","6.7",""
"J40/0118","2506652","12-Oct 2005 10:15am","pH (Field)","6.60",""
"J40/0118","2506652","12-Oct 2005 10:15am","Potassium, Dissolved","1.200","mg/L"
"J40/0118","2506652","12-Oct 2005 10:15am","Silica, Reactive","20.000","mg/L  as SiO2"
"J40/0118","2506652","12-Oct 2005 10:15am","Sodium, Dissolved","13.000","mg/L"
"J40/0118","2506652","12-Oct 2005 10:15am","Sulphate","15.000","mg/L"
"J40/0118","2506652","12-Oct 2005 10:15am","Sum of anions","1.931","meq/L"
"J40/0118","2506652","12-Oct 2005 10:15am","Sum of cations","1.836","meq/L"
"J40/0118","2506652","12-Oct 2005 10:15am","Total Coliforms","5.00","number/100mL"
"J40/0118","2506652","12-Oct 2005 10:15am","Water Temperature (Field)","12.9","C"
"J40/0118","2405857","29-Sep 2004 11:20am","Alkalinity to pH 4.5 as HCO3","64.000","mg/L  as HCO3"
"J40/0118","2405857","29-Sep 2004 11:20am","Ammoniacal Nitrogen","0.024","mg/L"
"J40/0118","2405857","29-Sep 2004 11:20am","Arsenic, Dissolved","<0.0020","mg/L"
"J40/0118","2405857","29-Sep 2004 11:20am","Calcium, Dissolved","17.000","mg/L"
"J40/0118","2405857","29-Sep 2004 11:20am","Chloride","11.000","mg/L"
"J40/0118","2405857","29-Sep 2004 11:20am","Conductivity","21.0","mS/m"
"J40/0118","2405857","29-Sep 2004 11:20am","Conductivity (Field)","19.50","mS/m"
"J40/0118","2405857","29-Sep 2004 11:20am","Difference in Ion Balance","-1.200","%"
"J40/0118","2405857","29-Sep 2004 11:20am","Dissolved Oxygen","6.040","mg/L"
"J40/0118","2405857","29-Sep 2004 11:20am","Dissolved Oxygen Saturation","59.900","%"
"J40/0118","2405857","29-Sep 2004 11:20am","E. coli","<1","MPN/100mL"
"J40/0118","2405857","29-Sep 2004 11:20am","Hardness, Total","63.000","g/m3 as CaCO3"
"J40/0118","2405857","29-Sep 2004 11:20am","Iron, Dissolved","<0.030","mg/L"
"J40/0118","2405857","29-Sep 2004 11:20am","Magnesium, Dissolved","5.100","mg/L"
"J40/0118","2405857","29-Sep 2004 11:20am","Manganese, Dissolved","<0.0100","mg/L"
"J40/0118","2405857","29-Sep 2004 11:20am","Nitrate Nitrogen","3.900","mg/L"
"J40/0118","2405857","29-Sep 2004 11:20am","pH","6.7",""
"J40/0118","2405857","29-Sep 2004 11:20am","pH (Field)","6.50",""
"J40/0118","2405857","29-Sep 2004 11:20am","Potassium, Dissolved","1.200","mg/L"
"J40/0118","2405857","29-Sep 2004 11:20am","Silica, Reactive","18.000","mg/L  as SiO2"
"J40/0118","2405857","29-Sep 2004 11:20am","Sodium, Dissolved","14.000","mg/L"
"J40/0118","2405857","29-Sep 2004 11:20am","Sulphate","15.000","mg/L"
"J40/0118","2405857","29-Sep 2004 11:20am","Sum of anions","1.950","meq/L"
"J40/0118","2405857","29-Sep 2004 11:20am","Sum of cations","1.904","meq/L"
"J40/0118","2405857","29-Sep 2004 11:20am","Total Coliforms","<1.00","number/100mL"
"J40/0118","2405857","29-Sep 2004 11:20am","Water Temperature (Field)","13.0","C"
"J40/0118","2305403","17-Sep 2003 10:55am","Alkalinity to pH 4.5 as HCO3","63.000","mg/L  as HCO3"
"J40/0118","2305403","17-Sep 2003 10:55am","Ammoniacal Nitrogen","<0.005","mg/L"
"J40/0118","2305403","17-Sep 2003 10:55am","Calcium, Dissolved","17.000","mg/L"
"J40/0118","2305403","17-Sep 2003 10:55am","Chloride","10.000","mg/L"
"J40/0118","2305403","17-Sep 2003 10:55am","Conductivity","20.0","mS/m"
"J40/0118","2305403","17-Sep 2003 10:55am","Conductivity (Field)","20.00","mS/m"
"J40/0118","2305403","17-Sep 2003 10:55am","Difference in Ion Balance","-0.560","%"
"J40/0118","2305403","17-Sep 2003 10:55am","Dissolved Oxygen","5.990","mg/L"
"J40/0118","2305403","17-Sep 2003 10:55am","Dissolved Oxygen Saturation","60.500","%"
"J40/0118","2305403","17-Sep 2003 10:55am","E. coli","<1","MPN/100mL"
"J40/0118","2305403","17-Sep 2003 10:55am","Hardness, Total","62.000","g/m3 as CaCO3"
"J40/0118","2305403","17-Sep 2003 10:55am","Iron, Dissolved","<0.030","mg/L"
"J40/0118","2305403","17-Sep 2003 10:55am","Magnesium, Dissolved","4.800","mg/L"
"J40/0118","2305403","17-Sep 2003 10:55am","Manganese, Dissolved","<0.0100","mg/L"
"J40/0118","2305403","17-Sep 2003 10:55am","Nitrate Nitrogen","3.800","mg/L"
"J40/0118","2305403","17-Sep 2003 10:55am","pH","6.6",""
"J40/0118","2305403","17-Sep 2003 10:55am","pH (Field)","6.40",""
"J40/0118","2305403","17-Sep 2003 10:55am","Potassium, Dissolved","1.200","mg/L"
"J40/0118","2305403","17-Sep 2003 10:55am","Silica, Reactive","18.000","mg/L  as SiO2"
"J40/0118","2305403","17-Sep 2003 10:55am","Sodium, Dissolved","14.000","mg/L"
"J40/0118","2305403","17-Sep 2003 10:55am","Sulphate","15.000","mg/L"
"J40/0118","2305403","17-Sep 2003 10:55am","Sum of anions","1.899","meq/L"
"J40/0118","2305403","17-Sep 2003 10:55am","Sum of cations","1.878","meq/L"
"J40/0118","2305403","17-Sep 2003 10:55am","Total Coliforms","4.00","number/100mL"
"J40/0118","2305403","17-Sep 2003 10:55am","Water Temperature (Field)","12.9","C"
"J40/0118","2204629","05-Sep 2002 11:40am","Alkalinity to pH 4.5 as HCO3","57.000","mg/L  as HCO3"
"J40/0118","2204629","05-Sep 2002 11:40am","Ammoniacal Nitrogen","<0.005","mg/L"
"J40/0118","2204629","05-Sep 2002 11:40am","Calcium, Total","17.000","mg/L"
"J40/0118","2204629","05-Sep 2002 11:40am","Chloride","11.000","mg/L"
"J40/0118","2204629","05-Sep 2002 11:40am","Conductivity","20.0","mS/m"
"J40/0118","2204629","05-Sep 2002 11:40am","Difference in Ion Balance","-0.400","%"
"J40/0118","2204629","05-Sep 2002 11:40am","Dissolved Oxygen","6.120","mg/L"
"J40/0118","2204629","05-Sep 2002 11:40am","Dissolved Oxygen Saturation","62.400","%"
"J40/0118","2204629","05-Sep 2002 11:40am","E. coli","<1","MPN/100mL"
"J40/0118","2204629","05-Sep 2002 11:40am","Hardness, Total","62.000","g/m3 as CaCO3"
"J40/0118","2204629","05-Sep 2002 11:40am","Iron, Total","<0.030","mg/L"
"J40/0118","2204629","05-Sep 2002 11:40am","Magnesium, Total","4.800","mg/L"
"J40/0118","2204629","05-Sep 2002 11:40am","Manganese, Total","<0.01000","mg/L"
"J40/0118","2204629","05-Sep 2002 11:40am","Nitrate Nitrogen","4.200","mg/L"
"J40/0118","2204629","05-Sep 2002 11:40am","pH","6.8",""
"J40/0118","2204629","05-Sep 2002 11:40am","Potassium, Total","1.300","mg/L"
"J40/0118","2204629","05-Sep 2002 11:40am","Silica, Reactive","18.000","mg/L  as SiO2"
"J40/0118","2204629","05-Sep 2002 11:40am","Sodium, Total","13.000","mg/L"
"J40/0118","2204629","05-Sep 2002 11:40am","Sulphate","15.000","mg/L"
"J40/0118","2204629","05-Sep 2002 11:40am","Sum of anions","1.857","meq/L"
"J40/0118","2204629","05-Sep 2002 11:40am","Sum of cations","1.842","meq/L"
"J40/0118","2204629","05-Sep 2002 11:40am","Total Coliforms","10.0","number/100mL"
"J40/0118","2204629","05-Sep 2002 11:40am","Water Temperature (Field)","13.1","C"
"J40/0118","2105387","06-Sep 2001 11:20am","Alkalinity to pH 4.5 as HCO3","60.000","mg/L  as HCO3"
"J40/0118","2105387","06-Sep 2001 11:20am","Ammoniacal Nitrogen","0.005","mg/L"
"J40/0118","2105387","06-Sep 2001 11:20am","Calcium, Total","18.000","mg/L"
"J40/0118","2105387","06-Sep 2001 11:20am","Chloride","11.000","mg/L"
"J40/0118","2105387","06-Sep 2001 11:20am","Conductivity","20.2","mS/m"
"J40/0118","2105387","06-Sep 2001 11:20am","Conductivity (Field)","20.00","mS/m"
"J40/0118","2105387","06-Sep 2001 11:20am","Difference in Ion Balance","-0.800","%"
"J40/0118","2105387","06-Sep 2001 11:20am","Dissolved Oxygen","6.860","mg/L"
"J40/0118","2105387","06-Sep 2001 11:20am","Dissolved Oxygen Saturation","64.500","%"
"J40/0118","2105387","06-Sep 2001 11:20am","E. coli","<1","MPN/100mL"
"J40/0118","2105387","06-Sep 2001 11:20am","Faecal Coliforms","<1","cfu/100mL"
"J40/0118","2105387","06-Sep 2001 11:20am","Hardness, Total","64.000","g/m3 as CaCO3"
"J40/0118","2105387","06-Sep 2001 11:20am","Iron, Total","<0.030","mg/L"
"J40/0118","2105387","06-Sep 2001 11:20am","Magnesium, Total","4.600","mg/L"
"J40/0118","2105387","06-Sep 2001 11:20am","Manganese, Total","<0.01000","mg/L"
"J40/0118","2105387","06-Sep 2001 11:20am","Nitrate Nitrogen","3.900","mg/L"
"J40/0118","2105387","06-Sep 2001 11:20am","pH","6.4",""
"J40/0118","2105387","06-Sep 2001 11:20am","pH (Field)","6.50",""
"J40/0118","2105387","06-Sep 2001 11:20am","Potassium, Total","1.300","mg/L"
"J40/0118","2105387","06-Sep 2001 11:20am","Silica, Reactive","18.000","mg/L  as SiO2"
"J40/0118","2105387","06-Sep 2001 11:20am","Sodium, Total","13.000","mg/L"
"J40/0118","2105387","06-Sep 2001 11:20am","Sulphate","16.000","mg/L"
"J40/0118","2105387","06-Sep 2001 11:20am","Sum of anions","1.905","meq/L"
"J40/0118","2105387","06-Sep 2001 11:20am","Sum of cations","1.876","meq/L"
"J40/0118","2105387","06-Sep 2001 11:20am","Total Coliforms","3.00","number/100mL"
"J40/0118","2105387","06-Sep 2001 11:20am","Water Temperature (Field)","12.6","C"
"J40/0118","2007474","19-Sep 2000 11:15am","Alkalinity to pH 4.5 as HCO3","67.000","mg/L  as HCO3"
"J40/0118","2007474","19-Sep 2000 11:15am","Ammoniacal Nitrogen","<0.005","mg/L"
"J40/0118","2007474","19-Sep 2000 11:15am","Calcium, Total","16.000","mg/L"
"J40/0118","2007474","19-Sep 2000 11:15am","Chloride","9.700","mg/L"
"J40/0118","2007474","19-Sep 2000 11:15am","Conductivity","19.3","mS/m"
"J40/0118","2007474","19-Sep 2000 11:15am","Conductivity (Field)","19.30","mS/m"
"J40/0118","2007474","19-Sep 2000 11:15am","Difference in Ion Balance","-3.800","%"
"J40/0118","2007474","19-Sep 2000 11:15am","Dissolved Oxygen","6.570","mg/L"
"J40/0118","2007474","19-Sep 2000 11:15am","Dissolved Oxygen Saturation","64.000","%"
"J40/0118","2007474","19-Sep 2000 11:15am","E. coli","<1","MPN/100mL"
"J40/0118","2007474","19-Sep 2000 11:15am","Faecal Coliforms","1","cfu/100mL"
"J40/0118","2007474","19-Sep 2000 11:15am","Hardness, Total","58.000","g/m3 as CaCO3"
"J40/0118","2007474","19-Sep 2000 11:15am","Iron, Total","<0.120","mg/L"
"J40/0118","2007474","19-Sep 2000 11:15am","Magnesium, Total","4.300","mg/L"
"J40/0118","2007474","19-Sep 2000 11:15am","Manganese, Total","<0.04000","mg/L"
"J40/0118","2007474","19-Sep 2000 11:15am","Nitrate Nitrogen","3.800","mg/L"
"J40/0118","2007474","19-Sep 2000 11:15am","pH","6.5",""
"J40/0118","2007474","19-Sep 2000 11:15am","pH (Field)","6.10",""
"J40/0118","2007474","19-Sep 2000 11:15am","Potassium, Total","1.300","mg/L"
"J40/0118","2007474","19-Sep 2000 11:15am","Silica, Reactive","18.000","mg/L  as SiO2"
"J40/0118","2007474","19-Sep 2000 11:15am","Sodium, Total","14.000","mg/L"
"J40/0118","2007474","19-Sep 2000 11:15am","Sulphate","14.000","mg/L"
"J40/0118","2007474","19-Sep 2000 11:15am","Sum of anions","1.935","meq/L"
"J40/0118","2007474","19-Sep 2000 11:15am","Sum of cations","1.794","meq/L"
"J40/0118","2007474","19-Sep 2000 11:15am","Total Coliforms","29.0","number/100mL"
"J40/0118","2007474","19-Sep 2000 11:15am","Water Temperature (Field)","14.2","C"
"J40/0118","9901613","20-Sep 1999 11:25am","Alkalinity to pH 4.5 as HCO3","67.000","mg/L  as HCO3"
"J40/0118","9901613","20-Sep 1999 11:25am","Ammoniacal Nitrogen","<0.005","mg/L"
"J40/0118","9901613","20-Sep 1999 11:25am","Arsenic, Total","<0.0020","mg/L"
"J40/0118","9901613","20-Sep 1999 11:25am","Calcium, Total","13.000","mg/L"
"J40/0118","9901613","20-Sep 1999 11:25am","Chloride","8.100","mg/L"
"J40/0118","9901613","20-Sep 1999 11:25am","Conductivity","13.5","mS/m"
"J40/0118","9901613","20-Sep 1999 11:25am","Conductivity (Field)","14.00","mS/m"
"J40/0118","9901613","20-Sep 1999 11:25am","Difference in Ion Balance","-3.100","%"
"J40/0118","9901613","20-Sep 1999 11:25am","Dissolved Oxygen","7.740","mg/L"
"J40/0118","9901613","20-Sep 1999 11:25am","Dissolved Oxygen Saturation","74.400","%"
"J40/0118","9901613","20-Sep 1999 11:25am","E. coli","1","MPN/100mL"
"J40/0118","9901613","20-Sep 1999 11:25am","Faecal Coliforms","<1","cfu/100mL"
"J40/0118","9901613","20-Sep 1999 11:25am","Hardness, Total","56.000","g/m3 as CaCO3"
"J40/0118","9901613","20-Sep 1999 11:25am","Iron, Total","<0.120","mg/L"
"J40/0118","9901613","20-Sep 1999 11:25am","Magnesium, Total","3.800","mg/L"
"J40/0118","9901613","20-Sep 1999 11:25am","Manganese, Total","<0.04000","mg/L"
"J40/0118","9901613","20-Sep 1999 11:25am","Nitrate Nitrogen","3.000","mg/L"
"J40/0118","9901613","20-Sep 1999 11:25am","pH","6.7",""
"J40/0118","9901613","20-Sep 1999 11:25am","pH (Field)","6.70",""
"J40/0118","9901613","20-Sep 1999 11:25am","Potassium, Total","1.700","mg/L"
"J40/0118","9901613","20-Sep 1999 11:25am","Silica, Reactive","18.000","mg/L  as SiO2"
"J40/0118","9901613","20-Sep 1999 11:25am","Sodium, Total","16.000","mg/L"
"J40/0118","9901613","20-Sep 1999 11:25am","Sulphate","14.000","mg/L"
"J40/0118","9901613","20-Sep 1999 11:25am","Sum of anions","1.832","meq/L"
"J40/0118","9901613","20-Sep 1999 11:25am","Sum of cations","1.724","meq/L"
"J40/0118","9901613","20-Sep 1999 11:25am","Total Coliforms","330","number/100mL"
"J40/0118","9901613","20-Sep 1999 11:25am","Water Temperature (Field)","13.8","C"
"J40/0118","SCY991201","03-May 1999 12:15pm","Alkalinity to pH 4.5 as HCO3","67.000","mg/L  as HCO3"
"J40/0118","SCY991201","03-May 1999 12:15pm","Alkalinity, Total","55.0","g/m3 as CaCO3"
"J40/0118","SCY991201","03-May 1999 12:15pm","Ammoniacal Nitrogen","<0.005","mg/L"
"J40/0118","SCY991201","03-May 1999 12:15pm","Calcium, Total","16.000","mg/L"
"J40/0118","SCY991201","03-May 1999 12:15pm","Chloride","6.700","mg/L"
"J40/0118","SCY991201","03-May 1999 12:15pm","Conductivity","18.2","mS/m"
"J40/0118","SCY991201","03-May 1999 12:15pm","Difference in Ion Balance","-13.900","%"
"J40/0118","SCY991201","03-May 1999 12:15pm","Faecal Coliforms","<1","cfu/100mL"
"J40/0118","SCY991201","03-May 1999 12:15pm","Hardness, Total","57.000","g/m3 as CaCO3"
"J40/0118","SCY991201","03-May 1999 12:15pm","Iron, Total","<0.120","mg/L"
"J40/0118","SCY991201","03-May 1999 12:15pm","Magnesium, Total","4.100","mg/L"
"J40/0118","SCY991201","03-May 1999 12:15pm","Manganese, Total","<0.04000","mg/L"
"J40/0118","SCY991201","03-May 1999 12:15pm","Nitrate Nitrogen","2.800","mg/L"
"J40/0118","SCY991201","03-May 1999 12:15pm","pH","6.7",""
"J40/0118","SCY991201","03-May 1999 12:15pm","Potassium, Total","2.800","mg/L"
"J40/0118","SCY991201","03-May 1999 12:15pm","Sodium, Total","15.000","mg/L"
"J40/0118","SCY991201","03-May 1999 12:15pm","Sulphate, Total","13.000","mg/L SO4"
"J40/0118","SCY991201","03-May 1999 12:15pm","Sum of anions","1.760","meq/L"
"J40/0118","SCY991201","03-May 1999 12:15pm","Sum of cations","1.330","meq/L"
"J40/0118","SCY991201","03-May 1999 12:15pm","Total Coliforms","7.00","number/100mL"
"J40/0118","SCY990385","01-Feb 1999 12:25pm","Alkalinity to pH 4.5 as HCO3","67.000","mg/L  as HCO3"
"J40/0118","SCY990385","01-Feb 1999 12:25pm","Alkalinity, Total","55.0","g/m3 as CaCO3"
"J40/0118","SCY990385","01-Feb 1999 12:25pm","Ammoniacal Nitrogen","<0.005","mg/L"
"J40/0118","SCY990385","01-Feb 1999 12:25pm","Calcium, Total","16.000","mg/L"
"J40/0118","SCY990385","01-Feb 1999 12:25pm","Chloride","7.100","mg/L"
"J40/0118","SCY990385","01-Feb 1999 12:25pm","Conductivity","17.6","mS/m"
"J40/0118","SCY990385","01-Feb 1999 12:25pm","Difference in Ion Balance","1.800","%"
"J40/0118","SCY990385","01-Feb 1999 12:25pm","Faecal Coliforms","1","cfu/100mL"
"J40/0118","SCY990385","01-Feb 1999 12:25pm","Hardness, Total","57.000","g/m3 as CaCO3"
"J40/0118","SCY990385","01-Feb 1999 12:25pm","Iron, Total","<0.120","mg/L"
"J40/0118","SCY990385","01-Feb 1999 12:25pm","Magnesium, Total","4.200","mg/L"
"J40/0118","SCY990385","01-Feb 1999 12:25pm","Manganese, Total","<0.04000","mg/L"
"J40/0118","SCY990385","01-Feb 1999 12:25pm","Nitrate Nitrogen","2.700","mg/L"
"J40/0118","SCY990385","01-Feb 1999 12:25pm","pH","6.7",""
"J40/0118","SCY990385","01-Feb 1999 12:25pm","Potassium, Total","1.200","mg/L"
"J40/0118","SCY990385","01-Feb 1999 12:25pm","Sodium, Total","15.000","mg/L"
"J40/0118","SCY990385","01-Feb 1999 12:25pm","Sulphate, Total","13.000","mg/L SO4"
"J40/0118","SCY990385","01-Feb 1999 12:25pm","Sum of anions","1.760","meq/L"
"J40/0118","SCY990385","01-Feb 1999 12:25pm","Sum of cations","1.830","meq/L"
"J40/0118","SCY990385","01-Feb 1999 12:25pm","Total Coliforms","8.00","number/100mL"
"J40/0118","SCY982161","02-Nov 1998 13:10pm","Alkalinity to pH 4.5 as HCO3","62.000","mg/L  as HCO3"
"J40/0118","SCY982161","02-Nov 1998 13:10pm","Alkalinity, Total","51.0","g/m3 as CaCO3"
"J40/0118","SCY982161","02-Nov 1998 13:10pm","Ammoniacal Nitrogen","0.009","mg/L"
"J40/0118","SCY982161","02-Nov 1998 13:10pm","Calcium, Total","15.000","mg/L"
"J40/0118","SCY982161","02-Nov 1998 13:10pm","Chloride","7.000","mg/L"
"J40/0118","SCY982161","02-Nov 1998 13:10pm","Conductivity","17.8","mS/m"
"J40/0118","SCY982161","02-Nov 1998 13:10pm","Difference in Ion Balance","-0.100","%"
"J40/0118","SCY982161","02-Nov 1998 13:10pm","Faecal Coliforms","2","cfu/100mL"
"J40/0118","SCY982161","02-Nov 1998 13:10pm","Hardness, Total","55.000","g/m3 as CaCO3"
"J40/0118","SCY982161","02-Nov 1998 13:10pm","Iron, Total","<0.120","mg/L"
"J40/0118","SCY982161","02-Nov 1998 13:10pm","Magnesium, Total","4.200","mg/L"
"J40/0118","SCY982161","02-Nov 1998 13:10pm","Manganese, Total","<0.04000","mg/L"
"J40/0118","SCY982161","02-Nov 1998 13:10pm","Nitrate Nitrogen","2.900","mg/L"
"J40/0118","SCY982161","02-Nov 1998 13:10pm","pH","6.7",""
"J40/0118","SCY982161","02-Nov 1998 13:10pm","Potassium, Total","1.100","mg/L"
"J40/0118","SCY982161","02-Nov 1998 13:10pm","Silica, Reactive","18.000","mg/L  as SiO2"
"J40/0118","SCY982161","02-Nov 1998 13:10pm","Sodium, Total","13.000","mg/L"
"J40/0118","SCY982161","02-Nov 1998 13:10pm","Sulphate, Total","13.000","mg/L SO4"
"J40/0118","SCY982161","02-Nov 1998 13:10pm","Sum of anions","1.690","meq/L"
"J40/0118","SCY982161","02-Nov 1998 13:10pm","Sum of cations","1.690","meq/L"
"J40/0118","SCY982161","02-Nov 1998 13:10pm","Total Coliforms","9.00","number/100mL"
"J40/0118","SCY981555","04-Aug 1998 09:45am","Alkalinity to pH 4.5 as HCO3","65.000","mg/L  as HCO3"
"J40/0118","SCY981555","04-Aug 1998 09:45am","Alkalinity, Total","53.0","g/m3 as CaCO3"
"J40/0118","SCY981555","04-Aug 1998 09:45am","Ammoniacal Nitrogen","<0.005","mg/L"
"J40/0118","SCY981555","04-Aug 1998 09:45am","Calcium, Total","16.000","mg/L"
"J40/0118","SCY981555","04-Aug 1998 09:45am","Chloride","7.300","mg/L"
"J40/0118","SCY981555","04-Aug 1998 09:45am","Conductivity","18.2","mS/m"
"J40/0118","SCY981555","04-Aug 1998 09:45am","Difference in Ion Balance","0.000","%"
"J40/0118","SCY981555","04-Aug 1998 09:45am","Faecal Coliforms","<1","cfu/100mL"
"J40/0118","SCY981555","04-Aug 1998 09:45am","Hardness, Total","57.000","g/m3 as CaCO3"
"J40/0118","SCY981555","04-Aug 1998 09:45am","Iron, Total","<0.120","mg/L"
"J40/0118","SCY981555","04-Aug 1998 09:45am","Magnesium, Total","4.100","mg/L"
"J40/0118","SCY981555","04-Aug 1998 09:45am","Manganese, Total","<0.04000","mg/L"
"J40/0118","SCY981555","04-Aug 1998 09:45am","Nitrate Nitrogen","2.700","mg/L"
"J40/0118","SCY981555","04-Aug 1998 09:45am","pH","6.9",""
"J40/0118","SCY981555","04-Aug 1998 09:45am","Potassium, Total","0.970","mg/L"
"J40/0118","SCY981555","04-Aug 1998 09:45am","Sodium, Total","13.000","mg/L"
"J40/0118","SCY981555","04-Aug 1998 09:45am","Sulphate, Total","13.000","mg/L SO4"
"J40/0118","SCY981555","04-Aug 1998 09:45am","Sum of anions","1.740","meq/L"
"J40/0118","SCY981555","04-Aug 1998 09:45am","Sum of cations","1.730","meq/L"
"J40/0118","SCY981555","04-Aug 1998 09:45am","Total Coliforms","2.00","number/100mL"
"J40/0118","SCY981065","04-May 1998 13:40pm","Alkalinity to pH 4.5 as HCO3","62.000","mg/L  as HCO3"
"J40/0118","SCY981065","04-May 1998 13:40pm","Alkalinity, Total","51.0","g/m3 as CaCO3"
"J40/0118","SCY981065","04-May 1998 13:40pm","Ammoniacal Nitrogen","0.005","mg/L"
"J40/0118","SCY981065","04-May 1998 13:40pm","Calcium, Total","15.000","mg/L"
"J40/0118","SCY981065","04-May 1998 13:40pm","Chloride","7.100","mg/L"
"J40/0118","SCY981065","04-May 1998 13:40pm","Conductivity","17.8","mS/m"
"J40/0118","SCY981065","04-May 1998 13:40pm","Difference in Ion Balance","2.000","%"
"J40/0118","SCY981065","04-May 1998 13:40pm","Faecal Coliforms","<1","cfu/100mL"
"J40/0118","SCY981065","04-May 1998 13:40pm","Hardness, Total","54.000","g/m3 as CaCO3"
"J40/0118","SCY981065","04-May 1998 13:40pm","Iron, Total","<0.120","mg/L"
"J40/0118","SCY981065","04-May 1998 13:40pm","Magnesium, Total","4.100","mg/L"
"J40/0118","SCY981065","04-May 1998 13:40pm","Manganese, Total","<0.04000","mg/L"
"J40/0118","SCY981065","04-May 1998 13:40pm","Nitrate Nitrogen","2.600","mg/L"
"J40/0118","SCY981065","04-May 1998 13:40pm","pH","6.8",""
"J40/0118","SCY981065","04-May 1998 13:40pm","Potassium, Total","1.200","mg/L"
"J40/0118","SCY981065","04-May 1998 13:40pm","Sodium, Total","14.000","mg/L"
"J40/0118","SCY981065","04-May 1998 13:40pm","Sulphate, Total","13.000","mg/L SO4"
"J40/0118","SCY981065","04-May 1998 13:40pm","Sum of anions","1.670","meq/L"
"J40/0118","SCY981065","04-May 1998 13:40pm","Sum of cations","1.730","meq/L"
"J40/0118","SCY981065","04-May 1998 13:40pm","Total Coliforms","11.0","number/100mL"
"J40/0118","SCY980366","28-Jan 1998 12:05pm","Alkalinity, Total","52.0","g/m3 as CaCO3"
"J40/0118","SCY980366","28-Jan 1998 12:05pm","Ammoniacal Nitrogen","0.006","mg/L"
"J40/0118","SCY980366","28-Jan 1998 12:05pm","Calcium, Total","15.000","mg/L"
"J40/0118","SCY980366","28-Jan 1998 12:05pm","Chloride","6.300","mg/L"
"J40/0118","SCY980366","28-Jan 1998 12:05pm","Conductivity","17.1","mS/m"
"J40/0118","SCY980366","28-Jan 1998 12:05pm","Difference in Ion Balance","8.000","%"
"J40/0118","SCY980366","28-Jan 1998 12:05pm","Faecal Coliforms","<1","cfu/100mL"
"J40/0118","SCY980366","28-Jan 1998 12:05pm","Hardness, Total","54.000","g/m3 as CaCO3"
"J40/0118","SCY980366","28-Jan 1998 12:05pm","Iron, Total","<0.120","mg/L"
"J40/0118","SCY980366","28-Jan 1998 12:05pm","Magnesium, Total","4.100","mg/L"
"J40/0118","SCY980366","28-Jan 1998 12:05pm","Manganese, Total","<0.04000","mg/L"
"J40/0118","SCY980366","28-Jan 1998 12:05pm","Nitrate Nitrogen","2.800","mg/L"
"J40/0118","SCY980366","28-Jan 1998 12:05pm","pH","6.7",""
"J40/0118","SCY980366","28-Jan 1998 12:05pm","Potassium, Total","1.200","mg/L"
"J40/0118","SCY980366","28-Jan 1998 12:05pm","Sodium, Total","14.000","mg/L"
"J40/0118","SCY980366","28-Jan 1998 12:05pm","Sulphate, Total","12.000","mg/L SO4"
"J40/0118","SCY980366","28-Jan 1998 12:05pm","Sum of anions","1.480","meq/L"
"J40/0118","SCY980366","28-Jan 1998 12:05pm","Sum of cations","1.730","meq/L"
"J40/0118","SCY980366","28-Jan 1998 12:05pm","Total Coliforms","5.00","number/100mL"
"J40/0118","SCY971885","03-Nov 1997 12:45pm","4,4'-DDD","<0.0100000","mg/L"
"J40/0118","SCY971885","03-Nov 1997 12:45pm","4,4'-DDE","<0.0100000","mg/L"
"J40/0118","SCY971885","03-Nov 1997 12:45pm","4,4'-DDT","<0.0100000","mg/L"
"J40/0118","SCY971885","03-Nov 1997 12:45pm","Alachlor","<0.010000","mg/L"
"J40/0118","SCY971885","03-Nov 1997 12:45pm","Aldrin","<0.0100000","mg/L"
"J40/0118","SCY971885","03-Nov 1997 12:45pm","Alkalinity, Total","64.0","g/m3 as CaCO3"
"J40/0118","SCY971885","03-Nov 1997 12:45pm","Ammoniacal Nitrogen","0.008","mg/L"
"J40/0118","SCY971885","03-Nov 1997 12:45pm","Atrazine","<0.010000","mg/L"
"J40/0118","SCY971885","03-Nov 1997 12:45pm","Azinphos-methyl","<0.010000","mg/L"
"J40/0118","SCY971885","03-Nov 1997 12:45pm","Bromacil","<0.020000","mg/L"
"J40/0118","SCY971885","03-Nov 1997 12:45pm","Calcium","15.000","mg/L"
"J40/0118","SCY971885","03-Nov 1997 12:45pm","Carbaryl","<0.020000","mg/L"
"J40/0118","SCY971885","03-Nov 1997 12:45pm","Chloride","6.400","mg/L"
"J40/0118","SCY971885","03-Nov 1997 12:45pm","Chlorpyrifos","<0.010000","mg/L"
"J40/0118","SCY971885","03-Nov 1997 12:45pm","Conductivity","18.0","mS/m"
"J40/0118","SCY971885","03-Nov 1997 12:45pm","Cyanazine","<0.020000","mg/L"
"J40/0118","SCY971885","03-Nov 1997 12:45pm","Diazinon","<0.010000","mg/L"
"J40/0118","SCY971885","03-Nov 1997 12:45pm","Dieldrin","<0.0100000","mg/L"
"J40/0118","SCY971885","03-Nov 1997 12:45pm","Difference in Ion Balance","2.000","%"
"J40/0118","SCY971885","03-Nov 1997 12:45pm","Diuron","<0.030000","mg/L"
"J40/0118","SCY971885","03-Nov 1997 12:45pm","Faecal Coliforms","<1","cfu/100mL"
"J40/0118","SCY971885","03-Nov 1997 12:45pm","Hardness, Total","54.000","g/m3 as CaCO3"
"J40/0118","SCY971885","03-Nov 1997 12:45pm","Hexazinone","<0.020000","mg/L"
"J40/0118","SCY971885","03-Nov 1997 12:45pm","Iprodione","<0.020","ug/L"
"J40/0118","SCY971885","03-Nov 1997 12:45pm","Iron, Total","<0.120","mg/L"
"J40/0118","SCY971885","03-Nov 1997 12:45pm","Lindane","<0.0100000","mg/L"
"J40/0118","SCY971885","03-Nov 1997 12:45pm","Linuron","<0.020000","mg/L"
"J40/0118","SCY971885","03-Nov 1997 12:45pm","Magnesium, Dissolved","4.000","mg/L"
"J40/0118","SCY971885","03-Nov 1997 12:45pm","Manganese, Total","<0.04000","mg/L"
"J40/0118","SCY971885","03-Nov 1997 12:45pm","Metribuzin","<0.010000","mg/L"
"J40/0118","SCY971885","03-Nov 1997 12:45pm","Nitrate Nitrogen","2.700","mg/L"
"J40/0118","SCY971885","03-Nov 1997 12:45pm","Oxidiazon","<0.020","ug/L"
"J40/0118","SCY971885","03-Nov 1997 12:45pm","Oxyfluorfen","<0.020000","mg/L"
"J40/0118","SCY971885","03-Nov 1997 12:45pm","Pendimethalin","<0.020000","mg/L"
"J40/0118","SCY971885","03-Nov 1997 12:45pm","pH","6.6",""
"J40/0118","SCY971885","03-Nov 1997 12:45pm","Phorate sulfoxide","<0.030","ug/L"
"J40/0118","SCY971885","03-Nov 1997 12:45pm","Phorate sulphone","<0.030","ug/L"
"J40/0118","SCY971885","03-Nov 1997 12:45pm","Pirimiphos-methyl","<0.010000","mg/L"
"J40/0118","SCY971885","03-Nov 1997 12:45pm","Potassium, Dissolved","1.200","mg/L"
"J40/0118","SCY971885","03-Nov 1997 12:45pm","Procymidone","<0.010000","mg/L"
"J40/0118","SCY971885","03-Nov 1997 12:45pm","Prometryn","<0.050000","mg/L"
"J40/0118","SCY971885","03-Nov 1997 12:45pm","Silica, Reactive","18.000","mg/L  as SiO2"
"J40/0118","SCY971885","03-Nov 1997 12:45pm","Simazine","<0.010000","mg/L"
"J40/0118","SCY971885","03-Nov 1997 12:45pm","Sodium, Dissolved","14.000","mg/L"
"J40/0118","SCY971885","03-Nov 1997 12:45pm","Sulphate, Total","11.000","mg/L SO4"
"J40/0118","SCY971885","03-Nov 1997 12:45pm","Sum of anions","1.650","meq/L"
"J40/0118","SCY971885","03-Nov 1997 12:45pm","Sum of cations","1.720","meq/L"
"J40/0118","SCY971885","03-Nov 1997 12:45pm","Terbuthylazine","<0.020000","mg/L"
"J40/0118","SCY971885","03-Nov 1997 12:45pm","Total Coliforms","7.00","number/100mL"
"J40/0118","SCY971885","03-Nov 1997 12:45pm","Vinclozolin","<0.020000","mg/L"
"J40/0118","SCY973769","07-Aug 1997 11:00am","Alkalinity, Total","56.0","g/m3 as CaCO3"
"J40/0118","SCY973769","07-Aug 1997 11:00am","Ammoniacal Nitrogen","0.006","mg/L"
"J40/0118","SCY973769","07-Aug 1997 11:00am","Calcium","16.000","mg/L"
"J40/0118","SCY973769","07-Aug 1997 11:00am","Chloride","7.000","mg/L"
"J40/0118","SCY973769","07-Aug 1997 11:00am","Conductivity","17.3","mS/m"
"J40/0118","SCY973769","07-Aug 1997 11:00am","Difference in Ion Balance","6.000","%"
"J40/0118","SCY973769","07-Aug 1997 11:00am","Faecal Coliforms","<1","cfu/100mL"
"J40/0118","SCY973769","07-Aug 1997 11:00am","Hardness, Total","56.000","g/m3 as CaCO3"
"J40/0118","SCY973769","07-Aug 1997 11:00am","Iron, Total","<0.120","mg/L"
"J40/0118","SCY973769","07-Aug 1997 11:00am","Magnesium, Dissolved","4.000","mg/L"
"J40/0118","SCY973769","07-Aug 1997 11:00am","Manganese, Total","<0.04000","mg/L"
"J40/0118","SCY973769","07-Aug 1997 11:00am","Nitrate Nitrogen","2.800","mg/L"
"J40/0118","SCY973769","07-Aug 1997 11:00am","Nitrite Nitrogen","<0.005","mg/L"
"J40/0118","SCY973769","07-Aug 1997 11:00am","pH","6.7",""
"J40/0118","SCY973769","07-Aug 1997 11:00am","Potassium, Dissolved","1.400","mg/L"
"J40/0118","SCY973769","07-Aug 1997 11:00am","Sodium, Dissolved","13.000","mg/L"
"J40/0118","SCY973769","07-Aug 1997 11:00am","Sulphate, Total","11.000","mg/L SO4"
"J40/0118","SCY973769","07-Aug 1997 11:00am","Sum of anions","1.540","meq/L"
"J40/0118","SCY973769","07-Aug 1997 11:00am","Sum of cations","1.730","meq/L"
"J40/0118","SCY973769","07-Aug 1997 11:00am","Total Coliforms","<1.00","number/100mL"
"J40/0118","SCY973606","28-Apr 1997 12:15pm","Alkalinity, Total","51.0","g/m3 as CaCO3"
"J40/0118","SCY973606","28-Apr 1997 12:15pm","Ammoniacal Nitrogen","<0.005","mg/L"
"J40/0118","SCY973606","28-Apr 1997 12:15pm","Calcium","15.000","mg/L"
"J40/0118","SCY973606","28-Apr 1997 12:15pm","Chloride","7.000","mg/L"
"J40/0118","SCY973606","28-Apr 1997 12:15pm","Conductivity","17.0","mS/m"
"J40/0118","SCY973606","28-Apr 1997 12:15pm","Difference in Ion Balance","7.000","%"
"J40/0118","SCY973606","28-Apr 1997 12:15pm","Faecal Coliforms","<1","cfu/100mL"
"J40/0118","SCY973606","28-Apr 1997 12:15pm","Hardness, Total","54.000","g/m3 as CaCO3"
"J40/0118","SCY973606","28-Apr 1997 12:15pm","Iron, Total","<0.120","mg/L"
"J40/0118","SCY973606","28-Apr 1997 12:15pm","Magnesium, Dissolved","4.100","mg/L"
"J40/0118","SCY973606","28-Apr 1997 12:15pm","Manganese, Total","0.05000","mg/L"
"J40/0118","SCY973606","28-Apr 1997 12:15pm","Nitrate Nitrogen","3.000","mg/L"
"J40/0118","SCY973606","28-Apr 1997 12:15pm","Nitrite Nitrogen","<0.005","mg/L"
"J40/0118","SCY973606","28-Apr 1997 12:15pm","pH","6.6",""
"J40/0118","SCY973606","28-Apr 1997 12:15pm","Potassium, Dissolved","1.300","mg/L"
"J40/0118","SCY973606","28-Apr 1997 12:15pm","Sodium, Dissolved","14.000","mg/L"
"J40/0118","SCY973606","28-Apr 1997 12:15pm","Sulphate, Total","12.000","mg/L SO4"
"J40/0118","SCY973606","28-Apr 1997 12:15pm","Sum of anions","1.500","meq/L"
"J40/0118","SCY973606","28-Apr 1997 12:15pm","Sum of cations","1.730","meq/L"
"J40/0118","SCY973606","28-Apr 1997 12:15pm","Total Coliforms","13.0","number/100mL"
"J40/0118","SCY970283","03-Feb 1997 11:00am","Alkalinity, Total","49.0","g/m3 as CaCO3"
"J40/0118","SCY970283","03-Feb 1997 11:00am","Ammoniacal Nitrogen","<0.005","mg/L"
"J40/0118","SCY970283","03-Feb 1997 11:00am","Calcium","14.000","mg/L"
"J40/0118","SCY970283","03-Feb 1997 11:00am","Chloride","7.000","mg/L"
"J40/0118","SCY970283","03-Feb 1997 11:00am","Conductivity","17.9","mS/m"
"J40/0118","SCY970283","03-Feb 1997 11:00am","Difference in Ion Balance","4.700","%"
"J40/0118","SCY970283","03-Feb 1997 11:00am","Faecal Coliforms","<1","cfu/100mL"
"J40/0118","SCY970283","03-Feb 1997 11:00am","Hardness, Total","51.000","g/m3 as CaCO3"
"J40/0118","SCY970283","03-Feb 1997 11:00am","Iron, Total","<0.120","mg/L"
"J40/0118","SCY970283","03-Feb 1997 11:00am","Magnesium, Dissolved","4.000","mg/L"
"J40/0118","SCY970283","03-Feb 1997 11:00am","Manganese, Total","<0.04000","mg/L"
"J40/0118","SCY970283","03-Feb 1997 11:00am","Nitrate-N Nitrite-N","3.200","g/m3"
"J40/0118","SCY970283","03-Feb 1997 11:00am","pH","6.5",""
"J40/0118","SCY970283","03-Feb 1997 11:00am","Potassium, Dissolved","1.100","mg/L"
"J40/0118","SCY970283","03-Feb 1997 11:00am","Sodium, Dissolved","13.000","mg/L"
"J40/0118","SCY970283","03-Feb 1997 11:00am","Sulphate","12.000","mg/L"
"J40/0118","SCY970283","03-Feb 1997 11:00am","Sum of anions","1.480","meq/L"
"J40/0118","SCY970283","03-Feb 1997 11:00am","Sum of cations","1.620","meq/L"
"J40/0118","SCY970283","03-Feb 1997 11:00am","Total Coliforms","2.00","number/100mL"
"J40/0118","SCY962982","30-Oct 1996 10:30am","Alkalinity, Total","54.0","g/m3 as CaCO3"
"J40/0118","SCY962982","30-Oct 1996 10:30am","Ammoniacal Nitrogen","0.006","mg/L"
"J40/0118","SCY962982","30-Oct 1996 10:30am","Calcium","15.000","mg/L"
"J40/0118","SCY962982","30-Oct 1996 10:30am","Chloride","7.000","mg/L"
"J40/0118","SCY962982","30-Oct 1996 10:30am","Conductivity","17.3","mS/m"
"J40/0118","SCY962982","30-Oct 1996 10:30am","Difference in Ion Balance","5.900","%"
"J40/0118","SCY962982","30-Oct 1996 10:30am","Faecal Coliforms","<1","cfu/100mL"
"J40/0118","SCY962982","30-Oct 1996 10:30am","Hardness, Total","54.000","g/m3 as CaCO3"
"J40/0118","SCY962982","30-Oct 1996 10:30am","Iron, Total","<0.120","mg/L"
"J40/0118","SCY962982","30-Oct 1996 10:30am","Magnesium, Dissolved","3.900","mg/L"
"J40/0118","SCY962982","30-Oct 1996 10:30am","Manganese, Total","<0.04000","mg/L"
"J40/0118","SCY962982","30-Oct 1996 10:30am","Nitrate-N Nitrite-N","2.900","g/m3"
"J40/0118","SCY962982","30-Oct 1996 10:30am","pH","6.4",""
"J40/0118","SCY962982","30-Oct 1996 10:30am","Potassium, Dissolved","1.200","mg/L"
"J40/0118","SCY962982","30-Oct 1996 10:30am","Sodium, Dissolved","14.000","mg/L"
"J40/0118","SCY962982","30-Oct 1996 10:30am","Sulphate","11.000","mg/L"
"J40/0118","SCY962982","30-Oct 1996 10:30am","Sum of anions","1.520","meq/L"
"J40/0118","SCY962982","30-Oct 1996 10:30am","Sum of cations","1.710","meq/L"
"J40/0118","SCY962982","30-Oct 1996 10:30am","Total Coliforms","<1.00","number/100mL"
"J40/0118","SCY961788","07-Aug 1996 12:15pm","Alkalinity, Total","50.0","g/m3 as CaCO3"
"J40/0118","SCY961788","07-Aug 1996 12:15pm","Ammoniacal Nitrogen","0.007","mg/L"
"J40/0118","SCY961788","07-Aug 1996 12:15pm","Calcium","15.000","mg/L"
"J40/0118","SCY961788","07-Aug 1996 12:15pm","Chloride","8.000","mg/L"
"J40/0118","SCY961788","07-Aug 1996 12:15pm","Conductivity","17.2","mS/m"
"J40/0118","SCY961788","07-Aug 1996 12:15pm","Difference in Ion Balance","7.300","%"
"J40/0118","SCY961788","07-Aug 1996 12:15pm","Faecal Coliforms","<1","cfu/100mL"
"J40/0118","SCY961788","07-Aug 1996 12:15pm","Hardness, Total","53.000","g/m3 as CaCO3"
"J40/0118","SCY961788","07-Aug 1996 12:15pm","Iron, Total","<0.120","mg/L"
"J40/0118","SCY961788","07-Aug 1996 12:15pm","Magnesium, Dissolved","3.800","mg/L"
"J40/0118","SCY961788","07-Aug 1996 12:15pm","Manganese, Total","<0.04000","mg/L"
"J40/0118","SCY961788","07-Aug 1996 12:15pm","Nitrate Nitrogen","3.000","mg/L"
"J40/0118","SCY961788","07-Aug 1996 12:15pm","pH","6.6",""
"J40/0118","SCY961788","07-Aug 1996 12:15pm","Potassium, Dissolved","1.100","mg/L"
"J40/0118","SCY961788","07-Aug 1996 12:15pm","Sodium, Dissolved","14.000","mg/L"
"J40/0118","SCY961788","07-Aug 1996 12:15pm","Sulphate","10.000","mg/L"
"J40/0118","SCY961788","07-Aug 1996 12:15pm","Sum of anions","1.470","meq/L"
"J40/0118","SCY961788","07-Aug 1996 12:15pm","Sum of cations","1.700","meq/L"
"J40/0118","SCY961788","07-Aug 1996 12:15pm","Total Coliforms","<1.00","number/100mL"
"J40/0118","SCY961751","20-May 1996 10:50am","Alkalinity, Total","52.0","g/m3 as CaCO3"
"J40/0118","SCY961751","20-May 1996 10:50am","Ammoniacal Nitrogen","0.006","mg/L"
"J40/0118","SCY961751","20-May 1996 10:50am","Calcium","14.000","mg/L"
"J40/0118","SCY961751","20-May 1996 10:50am","Chloride","5.000","mg/L"
"J40/0118","SCY961751","20-May 1996 10:50am","Conductivity","17.2","mS/m"
"J40/0118","SCY961751","20-May 1996 10:50am","Difference in Ion Balance","7.900","%"
"J40/0118","SCY961751","20-May 1996 10:50am","Faecal Coliforms","<1","cfu/100mL"
"J40/0118","SCY961751","20-May 1996 10:50am","Free Carbon Dioxide","21.000","g/m3 at 25°;C"
"J40/0118","SCY961751","20-May 1996 10:50am","Hardness, Total","51.000","g/m3 as CaCO3"
"J40/0118","SCY961751","20-May 1996 10:50am","Iron, Total","<0.050","mg/L"
"J40/0118","SCY961751","20-May 1996 10:50am","Magnesium, Dissolved","3.800","mg/L"
"J40/0118","SCY961751","20-May 1996 10:50am","Manganese, Total","<0.01000","mg/L"
"J40/0118","SCY961751","20-May 1996 10:50am","Nitrate Nitrogen","2.900","mg/L"
"J40/0118","SCY961751","20-May 1996 10:50am","Nitrite Nitrogen","<0.004","mg/L"
"J40/0118","SCY961751","20-May 1996 10:50am","pH","6.6",""
"J40/0118","SCY961751","20-May 1996 10:50am","Potassium, Dissolved","1.200","mg/L"
"J40/0118","SCY961751","20-May 1996 10:50am","Sodium, Dissolved","14.000","mg/L"
"J40/0118","SCY961751","20-May 1996 10:50am","Sulphate","10.000","mg/L"
"J40/0118","SCY961751","20-May 1996 10:50am","Sum of anions","1.410","meq/L"
"J40/0118","SCY961751","20-May 1996 10:50am","Sum of cations","1.650","meq/L"
"J40/0118","SCY961751","20-May 1996 10:50am","Total Coliforms","<2.00","number/100mL"
"J40/0118","SCY961751","20-May 1996 10:50am","Total Phosphorus","<0.008","g/m3"
"J40/0118","SCY961597","09-Feb 1996 12:10pm","Alkalinity, Total","49.0","g/m3 as CaCO3"
"J40/0118","SCY961597","09-Feb 1996 12:10pm","Ammoniacal Nitrogen","<0.005","mg/L"
"J40/0118","SCY961597","09-Feb 1996 12:10pm","Calcium","14.000","mg/L"
"J40/0118","SCY961597","09-Feb 1996 12:10pm","Chloride","8.000","mg/L"
"J40/0118","SCY961597","09-Feb 1996 12:10pm","Conductivity","17.2","mS/m"
"J40/0118","SCY961597","09-Feb 1996 12:10pm","Difference in Ion Balance","2.500","%"
"J40/0118","SCY961597","09-Feb 1996 12:10pm","Faecal Coliforms","11","cfu/100mL"
"J40/0118","SCY961597","09-Feb 1996 12:10pm","Free Carbon Dioxide","25.000","g/m3 at 25°;C"
"J40/0118","SCY961597","09-Feb 1996 12:10pm","Hardness, Total","51.000","g/m3 as CaCO3"
"J40/0118","SCY961597","09-Feb 1996 12:10pm","Iron, Total","<0.120","mg/L"
"J40/0118","SCY961597","09-Feb 1996 12:10pm","Magnesium, Dissolved","3.800","mg/L"
"J40/0118","SCY961597","09-Feb 1996 12:10pm","Manganese, Total","<0.04000","mg/L"
"J40/0118","SCY961597","09-Feb 1996 12:10pm","Nitrate Nitrogen","3.200","mg/L"
"J40/0118","SCY961597","09-Feb 1996 12:10pm","Nitrite Nitrogen","<0.006","mg/L"
"J40/0118","SCY961597","09-Feb 1996 12:10pm","pH","6.5",""
"J40/0118","SCY961597","09-Feb 1996 12:10pm","Potassium, Dissolved","1.200","mg/L"
"J40/0118","SCY961597","09-Feb 1996 12:10pm","Sodium, Dissolved","13.000","mg/L"
"J40/0118","SCY961597","09-Feb 1996 12:10pm","Sulphate","13.000","mg/L"
"J40/0118","SCY961597","09-Feb 1996 12:10pm","Sum of anions","1.530","meq/L"
"J40/0118","SCY961597","09-Feb 1996 12:10pm","Sum of cations","1.610","meq/L"
"J40/0118","SCY961597","09-Feb 1996 12:10pm","Total Biochemical Oxygen Demand","<2.000","g O2/m3"
"J40/0118","SCY961597","09-Feb 1996 12:10pm","Total Coliforms","45.0","number/100mL"
"J40/0118","SCY961597","09-Feb 1996 12:10pm","Total Dissolved Solids","110.000","mg/L"
"J40/0118","SCY961597","09-Feb 1996 12:10pm","Total Phosphorus","<0.008","g/m3"