Site ID,M36/0473
Site Name,M36/0473
Site ID,SampleID,Collection Date,Measurement,Value,Units
"M36/0473","20236118","25-Oct 2023 10:30am","Alkalinity, Total","52.0","g/m3 as CaCO3"
"M36/0473","20236118","25-Oct 2023 10:30am","Aluminium, Dissolved","<0.003","mg/L"
"M36/0473","20236118","25-Oct 2023 10:30am","Ammoniacal Nitrogen","<0.010","mg/L"
"M36/0473","20236118","25-Oct 2023 10:30am","Bicarbonate","63.000","mg/L  at 25°C"
"M36/0473","20236118","25-Oct 2023 10:30am","Calcium, Dissolved","12.900","mg/L"
"M36/0473","20236118","25-Oct 2023 10:30am","Chloride","6.300","mg/L"
"M36/0473","20236118","25-Oct 2023 10:30am","Conductivity","13.3","mS/m"
"M36/0473","20236118","25-Oct 2023 10:30am","Conductivity (Field)","13.37","mS/m"
"M36/0473","20236118","25-Oct 2023 10:30am","Difference in Ion Balance","0.460","%"
"M36/0473","20236118","25-Oct 2023 10:30am","Dissolved Oxygen","2.220","mg/L"
"M36/0473","20236118","25-Oct 2023 10:30am","Dissolved Oxygen Saturation","20.900","%"
"M36/0473","20236118","25-Oct 2023 10:30am","Dissolved Reactive Phosphorus","0.0134","mg/L"
"M36/0473","20236118","25-Oct 2023 10:30am","E. coli","<1","MPN/100mL"
"M36/0473","20236118","25-Oct 2023 10:30am","Hardness, Total","46.000","g/m3 as CaCO3"
"M36/0473","20236118","25-Oct 2023 10:30am","Iron, Dissolved","<0.020","mg/L"
"M36/0473","20236118","25-Oct 2023 10:30am","Magnesium, Dissolved","3.500","mg/L"
"M36/0473","20236118","25-Oct 2023 10:30am","Manganese, Dissolved","<0.0005","mg/L"
"M36/0473","20236118","25-Oct 2023 10:30am","Nitrate Nitrogen","0.660","mg/L"
"M36/0473","20236118","25-Oct 2023 10:30am","Nitrate-N Nitrite-N","0.660","g/m3"
"M36/0473","20236118","25-Oct 2023 10:30am","Nitrite Nitrogen","<0.002","mg/L"
"M36/0473","20236118","25-Oct 2023 10:30am","Oxidation Reduction Potential","117.400","mV"
"M36/0473","20236118","25-Oct 2023 10:30am","pH","7.8",""
"M36/0473","20236118","25-Oct 2023 10:30am","pH (Field)","7.86",""
"M36/0473","20236118","25-Oct 2023 10:30am","Potassium, Dissolved","0.980","mg/L"
"M36/0473","20236118","25-Oct 2023 10:30am","Silica, Reactive","19.000","mg/L  as SiO2"
"M36/0473","20236118","25-Oct 2023 10:30am","Sodium, Dissolved","8.400","mg/L"
"M36/0473","20236118","25-Oct 2023 10:30am","Sulphate","3.000","mg/L"
"M36/0473","20236118","25-Oct 2023 10:30am","Sum of anions","1.330","meq/L"
"M36/0473","20236118","25-Oct 2023 10:30am","Sum of cations","1.320","meq/L"
"M36/0473","20236118","25-Oct 2023 10:30am","Total Coliforms","<1.00","number/100mL"
"M36/0473","20236118","25-Oct 2023 10:30am","Total Dissolved Phosphorus","0.014","mg/L"
"M36/0473","20236118","25-Oct 2023 10:30am","Water Temperature (Field)","12.7","C"
"M36/0473","20225733","20-Oct 2022 11:40am","Alkalinity, Total","52.0","g/m3 as CaCO3"
"M36/0473","20225733","20-Oct 2022 11:40am","Ammoniacal Nitrogen","<0.010","mg/L"
"M36/0473","20225733","20-Oct 2022 11:40am","Arsenic, Dissolved","<0.0010","mg/L"
"M36/0473","20225733","20-Oct 2022 11:40am","Bicarbonate","63.000","mg/L  at 25°C"
"M36/0473","20225733","20-Oct 2022 11:40am","Calcium, Dissolved","11.700","mg/L"
"M36/0473","20225733","20-Oct 2022 11:40am","Chloride","6.300","mg/L"
"M36/0473","20225733","20-Oct 2022 11:40am","Conductivity","13.7","mS/m"
"M36/0473","20225733","20-Oct 2022 11:40am","Conductivity (Field)","12.67","mS/m"
"M36/0473","20225733","20-Oct 2022 11:40am","Difference in Ion Balance","2.500","%"
"M36/0473","20225733","20-Oct 2022 11:40am","Dissolved Oxygen","2.570","mg/L"
"M36/0473","20225733","20-Oct 2022 11:40am","Dissolved Oxygen Saturation","24.400","%"
"M36/0473","20225733","20-Oct 2022 11:40am","Dissolved Reactive Phosphorus","0.0089","mg/L"
"M36/0473","20225733","20-Oct 2022 11:40am","E. coli","<1","MPN/100mL"
"M36/0473","20225733","20-Oct 2022 11:40am","Hardness, Total","43.000","g/m3 as CaCO3"
"M36/0473","20225733","20-Oct 2022 11:40am","Iron, Dissolved","<0.020","mg/L"
"M36/0473","20225733","20-Oct 2022 11:40am","Magnesium, Dissolved","3.500","mg/L"
"M36/0473","20225733","20-Oct 2022 11:40am","Manganese, Dissolved","<0.0005","mg/L"
"M36/0473","20225733","20-Oct 2022 11:40am","Nitrate Nitrogen","0.630","mg/L"
"M36/0473","20225733","20-Oct 2022 11:40am","Nitrate-N Nitrite-N","0.630","g/m3"
"M36/0473","20225733","20-Oct 2022 11:40am","Nitrite Nitrogen","<0.002","mg/L"
"M36/0473","20225733","20-Oct 2022 11:40am","Oxidation Reduction Potential","230.200","mV"
"M36/0473","20225733","20-Oct 2022 11:40am","pH","7.9",""
"M36/0473","20225733","20-Oct 2022 11:40am","pH (Field)","7.48",""
"M36/0473","20225733","20-Oct 2022 11:40am","Potassium, Dissolved","0.930","mg/L"
"M36/0473","20225733","20-Oct 2022 11:40am","Silica, Reactive","19.300","mg/L  as SiO2"
"M36/0473","20225733","20-Oct 2022 11:40am","Sodium, Dissolved","8.300","mg/L"
"M36/0473","20225733","20-Oct 2022 11:40am","Sulphate","2.300","mg/L"
"M36/0473","20225733","20-Oct 2022 11:40am","Sum of anions","1.310","meq/L"
"M36/0473","20225733","20-Oct 2022 11:40am","Sum of cations","1.250","meq/L"
"M36/0473","20225733","20-Oct 2022 11:40am","Total Coliforms","1.00","number/100mL"
"M36/0473","20225733","20-Oct 2022 11:40am","Total Dissolved Phosphorus","0.013","mg/L"
"M36/0473","20225733","20-Oct 2022 11:40am","Water Temperature (Field)","12.7","C"
"M36/0473","20217897","06-Dec 2021 13:00pm","Alkalinity, Total","48.0","g/m3 as CaCO3"
"M36/0473","20217897","06-Dec 2021 13:00pm","Ammoniacal Nitrogen","0.012","mg/L"
"M36/0473","20217897","06-Dec 2021 13:00pm","Bicarbonate","58.000","mg/L  at 25°C"
"M36/0473","20217897","06-Dec 2021 13:00pm","Calcium, Dissolved","12.200","mg/L"
"M36/0473","20217897","06-Dec 2021 13:00pm","Chloride","6.500","mg/L"
"M36/0473","20217897","06-Dec 2021 13:00pm","Conductivity","13.0","mS/m"
"M36/0473","20217897","06-Dec 2021 13:00pm","Conductivity (Field)","12.13","mS/m"
"M36/0473","20217897","06-Dec 2021 13:00pm","Difference in Ion Balance","2.600","%"
"M36/0473","20217897","06-Dec 2021 13:00pm","Dissolved Oxygen","5.220","mg/L"
"M36/0473","20217897","06-Dec 2021 13:00pm","Dissolved Oxygen Saturation","49.000","%"
"M36/0473","20217897","06-Dec 2021 13:00pm","Dissolved Reactive Phosphorus","0.0134","mg/L"
"M36/0473","20217897","06-Dec 2021 13:00pm","E. coli","<1","MPN/100mL"
"M36/0473","20217897","06-Dec 2021 13:00pm","Fluoride","0.080","g/m3"
"M36/0473","20217897","06-Dec 2021 13:00pm","Hardness, Total","46.000","g/m3 as CaCO3"
"M36/0473","20217897","06-Dec 2021 13:00pm","Iron, Dissolved","<0.020","mg/L"
"M36/0473","20217897","06-Dec 2021 13:00pm","Magnesium, Dissolved","3.700","mg/L"
"M36/0473","20217897","06-Dec 2021 13:00pm","Manganese, Dissolved","<0.0005","mg/L"
"M36/0473","20217897","06-Dec 2021 13:00pm","Nitrate Nitrogen","0.660","mg/L"
"M36/0473","20217897","06-Dec 2021 13:00pm","Nitrate-N Nitrite-N","0.660","g/m3"
"M36/0473","20217897","06-Dec 2021 13:00pm","Nitrite Nitrogen","<0.002","mg/L"
"M36/0473","20217897","06-Dec 2021 13:00pm","Oxidation Reduction Potential","120.200","mV"
"M36/0473","20217897","06-Dec 2021 13:00pm","pH","7.9",""
"M36/0473","20217897","06-Dec 2021 13:00pm","pH (Field)","7.50",""
"M36/0473","20217897","06-Dec 2021 13:00pm","Potassium, Dissolved","0.980","mg/L"
"M36/0473","20217897","06-Dec 2021 13:00pm","Silica, Reactive","19.100","mg/L  as SiO2"
"M36/0473","20217897","06-Dec 2021 13:00pm","Sodium, Dissolved","8.900","mg/L"
"M36/0473","20217897","06-Dec 2021 13:00pm","Sulphate","3.000","mg/L"
"M36/0473","20217897","06-Dec 2021 13:00pm","Sum of anions","1.260","meq/L"
"M36/0473","20217897","06-Dec 2021 13:00pm","Sum of cations","1.320","meq/L"
"M36/0473","20217897","06-Dec 2021 13:00pm","Total Coliforms","<1.00","number/100mL"
"M36/0473","20217897","06-Dec 2021 13:00pm","Total Dissolved Phosphorus","0.011","mg/L"
"M36/0473","20217897","06-Dec 2021 13:00pm","Water Temperature (Field)","12.8","C"
"M36/0473","20205928","10-Nov 2020 12:18pm","Alkalinity, Total","52.0","g/m3 as CaCO3"
"M36/0473","20205928","10-Nov 2020 12:18pm","Ammoniacal Nitrogen","<0.010","mg/L"
"M36/0473","20205928","10-Nov 2020 12:18pm","Bicarbonate","63.000","mg/L  at 25°C"
"M36/0473","20205928","10-Nov 2020 12:18pm","Bromide","0.050","g/m3"
"M36/0473","20205928","10-Nov 2020 12:18pm","Calcium, Dissolved","12.000","mg/L"
"M36/0473","20205928","10-Nov 2020 12:18pm","Chloride","6.300","mg/L"
"M36/0473","20205928","10-Nov 2020 12:18pm","Conductivity","13.2","mS/m"
"M36/0473","20205928","10-Nov 2020 12:18pm","Conductivity (Field)","12.98","mS/m"
"M36/0473","20205928","10-Nov 2020 12:18pm","Difference in Ion Balance","1.770","%"
"M36/0473","20205928","10-Nov 2020 12:18pm","Dissolved Oxygen","2.660","mg/L"
"M36/0473","20205928","10-Nov 2020 12:18pm","Dissolved Oxygen Saturation","24.800","%"
"M36/0473","20205928","10-Nov 2020 12:18pm","Dissolved Reactive Phosphorus","0.0137","mg/L"
"M36/0473","20205928","10-Nov 2020 12:18pm","E. coli","<1","MPN/100mL"
"M36/0473","20205928","10-Nov 2020 12:18pm","Fluoride","0.090","g/m3"
"M36/0473","20205928","10-Nov 2020 12:18pm","Hardness, Total","44.000","g/m3 as CaCO3"
"M36/0473","20205928","10-Nov 2020 12:18pm","Iron, Dissolved","<0.020","mg/L"
"M36/0473","20205928","10-Nov 2020 12:18pm","Magnesium, Dissolved","3.500","mg/L"
"M36/0473","20205928","10-Nov 2020 12:18pm","Manganese, Dissolved","<0.0005","mg/L"
"M36/0473","20205928","10-Nov 2020 12:18pm","Nitrate Nitrogen","0.610","mg/L"
"M36/0473","20205928","10-Nov 2020 12:18pm","Nitrate-N Nitrite-N","0.610","g/m3"
"M36/0473","20205928","10-Nov 2020 12:18pm","Nitrite Nitrogen","<0.002","mg/L"
"M36/0473","20205928","10-Nov 2020 12:18pm","Oxidation Reduction Potential","216.300","mV"
"M36/0473","20205928","10-Nov 2020 12:18pm","pH","7.9",""
"M36/0473","20205928","10-Nov 2020 12:18pm","pH (Field)","7.71",""
"M36/0473","20205928","10-Nov 2020 12:18pm","Potassium, Dissolved","0.990","mg/L"
"M36/0473","20205928","10-Nov 2020 12:18pm","Silica, Reactive","19.100","mg/L  as SiO2"
"M36/0473","20205928","10-Nov 2020 12:18pm","Sodium, Dissolved","8.700","mg/L"
"M36/0473","20205928","10-Nov 2020 12:18pm","Sulphate","2.900","mg/L"
"M36/0473","20205928","10-Nov 2020 12:18pm","Sum of anions","1.340","meq/L"
"M36/0473","20205928","10-Nov 2020 12:18pm","Sum of cations","1.290","meq/L"
"M36/0473","20205928","10-Nov 2020 12:18pm","Total Coliforms","<1.00","number/100mL"
"M36/0473","20205928","10-Nov 2020 12:18pm","Water Temperature (Field)","12.8","C"
"M36/0473","20196920","02-Dec 2019 22:15pm","Alkalinity, Total","53.0","g/m3 as CaCO3"
"M36/0473","20196920","02-Dec 2019 22:15pm","Ammoniacal Nitrogen","<0.010","mg/L"
"M36/0473","20196920","02-Dec 2019 22:15pm","Bicarbonate","64.000","mg/L  at 25°C"
"M36/0473","20196920","02-Dec 2019 22:15pm","Boron, Dissolved","0.022","mg/L"
"M36/0473","20196920","02-Dec 2019 22:15pm","Bromide","0.018","g/m3"
"M36/0473","20196920","02-Dec 2019 22:15pm","Calcium, Dissolved","12.700","mg/L"
"M36/0473","20196920","02-Dec 2019 22:15pm","Chloride","6.500","mg/L"
"M36/0473","20196920","02-Dec 2019 22:15pm","Conductivity","13.2","mS/m"
"M36/0473","20196920","02-Dec 2019 22:15pm","Conductivity (Field)","13.00","mS/m"
"M36/0473","20196920","02-Dec 2019 22:15pm","Copper, Dissolved","0.0009","mg/L"
"M36/0473","20196920","02-Dec 2019 22:15pm","Difference in Ion Balance","<0.100","%"
"M36/0473","20196920","02-Dec 2019 22:15pm","Dissolved Oxygen","3.600","mg/L"
"M36/0473","20196920","02-Dec 2019 22:15pm","Dissolved Oxygen Saturation","35.300","%"
"M36/0473","20196920","02-Dec 2019 22:15pm","Dissolved Reactive Phosphorus","0.0146","mg/L"
"M36/0473","20196920","02-Dec 2019 22:15pm","E. coli","<1","MPN/100mL"
"M36/0473","20196920","02-Dec 2019 22:15pm","Hardness, Total","47.000","g/m3 as CaCO3"
"M36/0473","20196920","02-Dec 2019 22:15pm","Iron, Dissolved","<0.020","mg/L"
"M36/0473","20196920","02-Dec 2019 22:15pm","Magnesium, Dissolved","3.600","mg/L"
"M36/0473","20196920","02-Dec 2019 22:15pm","Manganese, Dissolved","<0.0005","mg/L"
"M36/0473","20196920","02-Dec 2019 22:15pm","Nitrate Nitrogen","0.500","mg/L"
"M36/0473","20196920","02-Dec 2019 22:15pm","Oxidation Reduction Potential","175.400","mV"
"M36/0473","20196920","02-Dec 2019 22:15pm","pH","7.8",""
"M36/0473","20196920","02-Dec 2019 22:15pm","pH (Field)","7.13",""
"M36/0473","20196920","02-Dec 2019 22:15pm","Potassium, Dissolved","0.960","mg/L"
"M36/0473","20196920","02-Dec 2019 22:15pm","Silica, Reactive","19.100","mg/L  as SiO2"
"M36/0473","20196920","02-Dec 2019 22:15pm","Sodium, Dissolved","8.600","mg/L"
"M36/0473","20196920","02-Dec 2019 22:15pm","Sulphate","2.500","mg/L"
"M36/0473","20196920","02-Dec 2019 22:15pm","Sum of anions","1.330","meq/L"
"M36/0473","20196920","02-Dec 2019 22:15pm","Sum of cations","1.330","meq/L"
"M36/0473","20196920","02-Dec 2019 22:15pm","Total Coliforms","<1.00","number/100mL"
"M36/0473","20196920","02-Dec 2019 22:15pm","Water Temperature (Field)","14.2","C"
"M36/0473","20196920","02-Dec 2019 22:15pm","Zinc, Dissolved","0.010","mg/L"
"M36/0473","20185931","07-Nov 2018 09:05am","Alkalinity, Total","52.0","g/m3 as CaCO3"
"M36/0473","20185931","07-Nov 2018 09:05am","Ammoniacal Nitrogen","<0.010","mg/L"
"M36/0473","20185931","07-Nov 2018 09:05am","Bicarbonate","63.000","mg/L  at 25°C"
"M36/0473","20185931","07-Nov 2018 09:05am","Boron, Dissolved","0.022","mg/L"
"M36/0473","20185931","07-Nov 2018 09:05am","Bromide","0.019","g/m3"
"M36/0473","20185931","07-Nov 2018 09:05am","Calcium, Dissolved","12.700","mg/L"
"M36/0473","20185931","07-Nov 2018 09:05am","Chloride","6.000","mg/L"
"M36/0473","20185931","07-Nov 2018 09:05am","Conductivity","13.0","mS/m"
"M36/0473","20185931","07-Nov 2018 09:05am","Conductivity (Field)","12.95","mS/m"
"M36/0473","20185931","07-Nov 2018 09:05am","Difference in Ion Balance","0.460","%"
"M36/0473","20185931","07-Nov 2018 09:05am","Dissolved Oxygen","2.390","mg/L"
"M36/0473","20185931","07-Nov 2018 09:05am","Dissolved Oxygen Saturation","22.600","%"
"M36/0473","20185931","07-Nov 2018 09:05am","Dissolved Reactive Phosphorus","0.0139","mg/L"
"M36/0473","20185931","07-Nov 2018 09:05am","E. coli","<1","MPN/100mL"
"M36/0473","20185931","07-Nov 2018 09:05am","Hardness, Total","46.000","g/m3 as CaCO3"
"M36/0473","20185931","07-Nov 2018 09:05am","Iron, Dissolved","<0.020","mg/L"
"M36/0473","20185931","07-Nov 2018 09:05am","Magnesium, Dissolved","3.500","mg/L"
"M36/0473","20185931","07-Nov 2018 09:05am","Manganese, Dissolved","<0.0005","mg/L"
"M36/0473","20185931","07-Nov 2018 09:05am","Nitrate Nitrogen","0.560","mg/L"
"M36/0473","20185931","07-Nov 2018 09:05am","Oxidation Reduction Potential","221.800","mV"
"M36/0473","20185931","07-Nov 2018 09:05am","pH","7.8",""
"M36/0473","20185931","07-Nov 2018 09:05am","pH (Field)","7.80",""
"M36/0473","20185931","07-Nov 2018 09:05am","Potassium, Dissolved","0.950","mg/L"
"M36/0473","20185931","07-Nov 2018 09:05am","Silica, Reactive","19.800","mg/L  as SiO2"
"M36/0473","20185931","07-Nov 2018 09:05am","Sodium, Dissolved","8.600","mg/L"
"M36/0473","20185931","07-Nov 2018 09:05am","Sulphate","2.600","mg/L"
"M36/0473","20185931","07-Nov 2018 09:05am","Sum of anions","1.310","meq/L"
"M36/0473","20185931","07-Nov 2018 09:05am","Sum of cations","1.320","meq/L"
"M36/0473","20185931","07-Nov 2018 09:05am","Total Coliforms","<1.00","number/100mL"
"M36/0473","20185931","07-Nov 2018 09:05am","Water Temperature (Field)","12.7","C"
"M36/0473","187481503","09-Nov 2017 09:30am","Alkalinity, Total","52.0","g/m3 as CaCO3"
"M36/0473","187481503","09-Nov 2017 09:30am","Ammoniacal Nitrogen","<0.010","mg/L"
"M36/0473","187481503","09-Nov 2017 09:30am","Bicarbonate","63.000","mg/L  at 25°C"
"M36/0473","187481503","09-Nov 2017 09:30am","Boron, Dissolved","0.022","mg/L"
"M36/0473","187481503","09-Nov 2017 09:30am","Bromide","<0.050","g/m3"
"M36/0473","187481503","09-Nov 2017 09:30am","Calcium, Dissolved","11.900","mg/L"
"M36/0473","187481503","09-Nov 2017 09:30am","Chloride","5.700","mg/L"
"M36/0473","187481503","09-Nov 2017 09:30am","Conductivity","13.0","mS/m"
"M36/0473","187481503","09-Nov 2017 09:30am","Conductivity (Field)","13.07","mS/m"
"M36/0473","187481503","09-Nov 2017 09:30am","Difference in Ion Balance","0.280","%"
"M36/0473","187481503","09-Nov 2017 09:30am","Dissolved Oxygen","4.830","mg/L"
"M36/0473","187481503","09-Nov 2017 09:30am","Dissolved Oxygen Saturation","47.600","%"
"M36/0473","187481503","09-Nov 2017 09:30am","Dissolved Reactive Phosphorus","0.0123","mg/L"
"M36/0473","187481503","09-Nov 2017 09:30am","E. coli","<1","MPN/100mL"
"M36/0473","187481503","09-Nov 2017 09:30am","Hardness, Total","45.000","g/m3 as CaCO3"
"M36/0473","187481503","09-Nov 2017 09:30am","Iron, Dissolved","<0.020","mg/L"
"M36/0473","187481503","09-Nov 2017 09:30am","Magnesium, Dissolved","3.600","mg/L"
"M36/0473","187481503","09-Nov 2017 09:30am","Manganese, Dissolved","<0.0005","mg/L"
"M36/0473","187481503","09-Nov 2017 09:30am","Nitrate Nitrogen","0.600","mg/L"
"M36/0473","187481503","09-Nov 2017 09:30am","Oxidation Reduction Potential","105.300","mV"
"M36/0473","187481503","09-Nov 2017 09:30am","pH","7.8",""
"M36/0473","187481503","09-Nov 2017 09:30am","pH (Field)","7.43",""
"M36/0473","187481503","09-Nov 2017 09:30am","Potassium, Dissolved","1.000","mg/L"
"M36/0473","187481503","09-Nov 2017 09:30am","Silica, Reactive","21.000","mg/L  as SiO2"
"M36/0473","187481503","09-Nov 2017 09:30am","Sodium, Dissolved","8.900","mg/L"
"M36/0473","187481503","09-Nov 2017 09:30am","Sulphate","3.200","mg/L"
"M36/0473","187481503","09-Nov 2017 09:30am","Sum of anions","1.310","meq/L"
"M36/0473","187481503","09-Nov 2017 09:30am","Sum of cations","1.300","meq/L"
"M36/0473","187481503","09-Nov 2017 09:30am","Total Coliforms","<1.00","number/100mL"
"M36/0473","187481503","09-Nov 2017 09:30am","Water Temperature (Field)","14.5","C"
"M36/0473","167331609","01-Nov 2016 13:30pm","Alkalinity, Total","52.0","g/m3 as CaCO3"
"M36/0473","167331609","01-Nov 2016 13:30pm","Ammoniacal Nitrogen","<0.010","mg/L"
"M36/0473","167331609","01-Nov 2016 13:30pm","Bicarbonate","63.000","mg/L  at 25°C"
"M36/0473","167331609","01-Nov 2016 13:30pm","Calcium, Dissolved","12.200","mg/L"
"M36/0473","167331609","01-Nov 2016 13:30pm","Chloride","6.100","mg/L"
"M36/0473","167331609","01-Nov 2016 13:30pm","Conductivity","12.9","mS/m"
"M36/0473","167331609","01-Nov 2016 13:30pm","Conductivity (Field)","12.60","mS/m"
"M36/0473","167331609","01-Nov 2016 13:30pm","Difference in Ion Balance","0.330","%"
"M36/0473","167331609","01-Nov 2016 13:30pm","Dissolved Oxygen","4.100","mg/L"
"M36/0473","167331609","01-Nov 2016 13:30pm","Dissolved Oxygen Saturation","40.100","%"
"M36/0473","167331609","01-Nov 2016 13:30pm","Dissolved Reactive Phosphorus","0.0136","mg/L"
"M36/0473","167331609","01-Nov 2016 13:30pm","E. coli","<1","MPN/100mL"
"M36/0473","167331609","01-Nov 2016 13:30pm","Hardness, Total","46.000","g/m3 as CaCO3"
"M36/0473","167331609","01-Nov 2016 13:30pm","Iron, Dissolved","<0.020","mg/L"
"M36/0473","167331609","01-Nov 2016 13:30pm","Magnesium, Dissolved","3.700","mg/L"
"M36/0473","167331609","01-Nov 2016 13:30pm","Manganese, Dissolved","<0.0005","mg/L"
"M36/0473","167331609","01-Nov 2016 13:30pm","Nitrate Nitrogen","0.500","mg/L"
"M36/0473","167331609","01-Nov 2016 13:30pm","Oxidation Reduction Potential","144.300","mV"
"M36/0473","167331609","01-Nov 2016 13:30pm","pH","7.8",""
"M36/0473","167331609","01-Nov 2016 13:30pm","pH (Field)","7.57",""
"M36/0473","167331609","01-Nov 2016 13:30pm","Potassium, Dissolved","0.920","mg/L"
"M36/0473","167331609","01-Nov 2016 13:30pm","Silica, Reactive","19.400","mg/L  as SiO2"
"M36/0473","167331609","01-Nov 2016 13:30pm","Sodium, Dissolved","8.700","mg/L"
"M36/0473","167331609","01-Nov 2016 13:30pm","Sulphate","2.800","mg/L"
"M36/0473","167331609","01-Nov 2016 13:30pm","Sum of anions","1.310","meq/L"
"M36/0473","167331609","01-Nov 2016 13:30pm","Sum of cations","1.320","meq/L"
"M36/0473","167331609","01-Nov 2016 13:30pm","Total Coliforms","<1.00","number/100mL"
"M36/0473","167331609","01-Nov 2016 13:30pm","Water Temperature (Field)","13.9","C"
"M36/0473","148923202","15-Oct 2015 09:55am","Alkalinity, Total","53.0","g/m3 as CaCO3"
"M36/0473","148923202","15-Oct 2015 09:55am","Ammoniacal Nitrogen","<0.010","mg/L"
"M36/0473","148923202","15-Oct 2015 09:55am","Bicarbonate","64.000","mg/L  at 25°C"
"M36/0473","148923202","15-Oct 2015 09:55am","Calcium, Dissolved","11.900","mg/L"
"M36/0473","148923202","15-Oct 2015 09:55am","Chloride","5.400","mg/L"
"M36/0473","148923202","15-Oct 2015 09:55am","Conductivity","12.8","mS/m"
"M36/0473","148923202","15-Oct 2015 09:55am","Conductivity (Field)","12.60","mS/m"
"M36/0473","148923202","15-Oct 2015 09:55am","Difference in Ion Balance","0.710","%"
"M36/0473","148923202","15-Oct 2015 09:55am","Dissolved Oxygen","2.490","mg/L"
"M36/0473","148923202","15-Oct 2015 09:55am","Dissolved Oxygen Saturation","23.500","%"
"M36/0473","148923202","15-Oct 2015 09:55am","Dissolved Reactive Phosphorus","0.0119","mg/L"
"M36/0473","148923202","15-Oct 2015 09:55am","E. coli","<1","MPN/100mL"
"M36/0473","148923202","15-Oct 2015 09:55am","Hardness, Total","44.000","g/m3 as CaCO3"
"M36/0473","148923202","15-Oct 2015 09:55am","Iron, Dissolved","<0.020","mg/L"
"M36/0473","148923202","15-Oct 2015 09:55am","Magnesium, Dissolved","3.500","mg/L"
"M36/0473","148923202","15-Oct 2015 09:55am","Manganese, Dissolved","<0.0005","mg/L"
"M36/0473","148923202","15-Oct 2015 09:55am","Nitrate Nitrogen","0.510","mg/L"
"M36/0473","148923202","15-Oct 2015 09:55am","pH","7.8",""
"M36/0473","148923202","15-Oct 2015 09:55am","pH (Field)","7.39",""
"M36/0473","148923202","15-Oct 2015 09:55am","Potassium, Dissolved","0.890","mg/L"
"M36/0473","148923202","15-Oct 2015 09:55am","Silica, Reactive","19.300","mg/L  as SiO2"
"M36/0473","148923202","15-Oct 2015 09:55am","Sodium, Dissolved","8.600","mg/L"
"M36/0473","148923202","15-Oct 2015 09:55am","Sulphate","2.400","mg/L"
"M36/0473","148923202","15-Oct 2015 09:55am","Sum of anions","1.290","meq/L"
"M36/0473","148923202","15-Oct 2015 09:55am","Sum of cations","1.280","meq/L"
"M36/0473","148923202","15-Oct 2015 09:55am","Total Coliforms","<1.00","number/100mL"
"M36/0473","148923202","15-Oct 2015 09:55am","Water Temperature (Field)","12.7","C"
"M36/0473","134169705","21-Oct 2014 14:00pm","Alkalinity, Total","54.0","g/m3 as CaCO3"
"M36/0473","134169705","21-Oct 2014 14:00pm","Ammoniacal Nitrogen","<0.010","mg/L"
"M36/0473","134169705","21-Oct 2014 14:00pm","Bicarbonate","66.000","mg/L  at 25°C"
"M36/0473","134169705","21-Oct 2014 14:00pm","Calcium, Dissolved","12.100","mg/L"
"M36/0473","134169705","21-Oct 2014 14:00pm","Chloride","5.700","mg/L"
"M36/0473","134169705","21-Oct 2014 14:00pm","Conductivity","12.7","mS/m"
"M36/0473","134169705","21-Oct 2014 14:00pm","Conductivity (Field)","12.70","mS/m"
"M36/0473","134169705","21-Oct 2014 14:00pm","Difference in Ion Balance","0.180","%"
"M36/0473","134169705","21-Oct 2014 14:00pm","Dissolved Oxygen","5.700","mg/L"
"M36/0473","134169705","21-Oct 2014 14:00pm","Dissolved Oxygen Saturation","55.000","%"
"M36/0473","134169705","21-Oct 2014 14:00pm","Dissolved Reactive Phosphorus","0.0135","mg/L"
"M36/0473","134169705","21-Oct 2014 14:00pm","E. coli","<1","MPN/100mL"
"M36/0473","134169705","21-Oct 2014 14:00pm","Hardness, Total","44.000","g/m3 as CaCO3"
"M36/0473","134169705","21-Oct 2014 14:00pm","Iron, Dissolved","<0.020","mg/L"
"M36/0473","134169705","21-Oct 2014 14:00pm","Magnesium, Dissolved","3.400","mg/L"
"M36/0473","134169705","21-Oct 2014 14:00pm","Manganese, Dissolved","<0.0005","mg/L"
"M36/0473","134169705","21-Oct 2014 14:00pm","Nitrate Nitrogen","0.520","mg/L"
"M36/0473","134169705","21-Oct 2014 14:00pm","pH","7.7",""
"M36/0473","134169705","21-Oct 2014 14:00pm","pH (Field)","7.50",""
"M36/0473","134169705","21-Oct 2014 14:00pm","Potassium, Dissolved","0.870","mg/L"
"M36/0473","134169705","21-Oct 2014 14:00pm","Silica, Reactive","19.800","mg/L  as SiO2"
"M36/0473","134169705","21-Oct 2014 14:00pm","Sodium, Dissolved","10.200","mg/L"
"M36/0473","134169705","21-Oct 2014 14:00pm","Sulphate","2.800","mg/L"
"M36/0473","134169705","21-Oct 2014 14:00pm","Sum of anions","1.340","meq/L"
"M36/0473","134169705","21-Oct 2014 14:00pm","Sum of cations","1.350","meq/L"
"M36/0473","134169705","21-Oct 2014 14:00pm","Total Coliforms","<1.00","number/100mL"
"M36/0473","134169705","21-Oct 2014 14:00pm","Total Dissolved Phosphorus","0.012","mg/L"
"M36/0473","134169705","21-Oct 2014 14:00pm","Total Dissolved Phosphorus Digestion","*",""
"M36/0473","134169705","21-Oct 2014 14:00pm","Water Temperature (Field)","13.1","C"
"M36/0473","120436703","18-Nov 2013 11:45am","Alkalinity, Total","52.0","g/m3 as CaCO3"
"M36/0473","120436703","18-Nov 2013 11:45am","Ammoniacal Nitrogen","0.011","mg/L"
"M36/0473","120436703","18-Nov 2013 11:45am","Bicarbonate","63.000","mg/L  at 25°C"
"M36/0473","120436703","18-Nov 2013 11:45am","Calcium, Dissolved","12.500","mg/L"
"M36/0473","120436703","18-Nov 2013 11:45am","Chloride","5.500","mg/L"
"M36/0473","120436703","18-Nov 2013 11:45am","Conductivity","12.3","mS/m"
"M36/0473","120436703","18-Nov 2013 11:45am","Conductivity (Field)","12.30","mS/m"
"M36/0473","120436703","18-Nov 2013 11:45am","Difference in Ion Balance","2.100","%"
"M36/0473","120436703","18-Nov 2013 11:45am","Dissolved Oxygen","4.000","mg/L"
"M36/0473","120436703","18-Nov 2013 11:45am","Dissolved Oxygen Saturation","38.000","%"
"M36/0473","120436703","18-Nov 2013 11:45am","E. coli","<1","MPN/100mL"
"M36/0473","120436703","18-Nov 2013 11:45am","Hardness, Total","46.000","g/m3 as CaCO3"
"M36/0473","120436703","18-Nov 2013 11:45am","Iron, Dissolved","<0.020","mg/L"
"M36/0473","120436703","18-Nov 2013 11:45am","Magnesium, Dissolved","3.500","mg/L"
"M36/0473","120436703","18-Nov 2013 11:45am","Manganese, Dissolved","<0.0005","mg/L"
"M36/0473","120436703","18-Nov 2013 11:45am","Nitrate Nitrogen","0.480","mg/L"
"M36/0473","120436703","18-Nov 2013 11:45am","pH","7.6",""
"M36/0473","120436703","18-Nov 2013 11:45am","pH (Field)","7.50",""
"M36/0473","120436703","18-Nov 2013 11:45am","Potassium, Dissolved","0.940","mg/L"
"M36/0473","120436703","18-Nov 2013 11:45am","Silica, Reactive","19.100","mg/L  as SiO2"
"M36/0473","120436703","18-Nov 2013 11:45am","Sodium, Dissolved","8.900","mg/L"
"M36/0473","120436703","18-Nov 2013 11:45am","Sulphate","2.200","mg/L"
"M36/0473","120436703","18-Nov 2013 11:45am","Sum of anions","1.270","meq/L"
"M36/0473","120436703","18-Nov 2013 11:45am","Sum of cations","1.320","meq/L"
"M36/0473","120436703","18-Nov 2013 11:45am","Total Coliforms","<1.00","number/100mL"
"M36/0473","120436703","18-Nov 2013 11:45am","Water Temperature (Field)","13.0","C"
"M36/0473","1204423","11-Oct 2012 14:45pm","Alkalinity to pH 4.5 as HCO3","66.000","mg/L  as HCO3"
"M36/0473","1204423","11-Oct 2012 14:45pm","Ammoniacal Nitrogen","0.009","mg/L"
"M36/0473","1204423","11-Oct 2012 14:45pm","Boron, Dissolved","0.024","mg/L"
"M36/0473","1204423","11-Oct 2012 14:45pm","Cadmium, Dissolved","<0.00005","mg/L"
"M36/0473","1204423","11-Oct 2012 14:45pm","Calcium, Dissolved","12.210","mg/L"
"M36/0473","1204423","11-Oct 2012 14:45pm","Chloride","5.600","mg/L"
"M36/0473","1204423","11-Oct 2012 14:45pm","Conductivity","12.0","mS/m"
"M36/0473","1204423","11-Oct 2012 14:45pm","Conductivity (Field)","12.70","mS/m"
"M36/0473","1204423","11-Oct 2012 14:45pm","Difference in Ion Balance","0.570","%"
"M36/0473","1204423","11-Oct 2012 14:45pm","Dissolved Oxygen","2.400","mg/L"
"M36/0473","1204423","11-Oct 2012 14:45pm","Dissolved Oxygen Saturation","23.000","%"
"M36/0473","1204423","11-Oct 2012 14:45pm","E. coli","<1","MPN/100mL"
"M36/0473","1204423","11-Oct 2012 14:45pm","Hardness, Total","45.000","g/m3 as CaCO3"
"M36/0473","1204423","11-Oct 2012 14:45pm","Iron, Dissolved","<0.020","mg/L"
"M36/0473","1204423","11-Oct 2012 14:45pm","Magnesium, Dissolved","3.630","mg/L"
"M36/0473","1204423","11-Oct 2012 14:45pm","Manganese, Dissolved","<0.0005","mg/L"
"M36/0473","1204423","11-Oct 2012 14:45pm","Nitrate Nitrogen","0.420","mg/L"
"M36/0473","1204423","11-Oct 2012 14:45pm","pH","7.9",""
"M36/0473","1204423","11-Oct 2012 14:45pm","pH (Field)","7.70",""
"M36/0473","1204423","11-Oct 2012 14:45pm","Potassium, Dissolved","0.958","mg/L"
"M36/0473","1204423","11-Oct 2012 14:45pm","Silica, Reactive","18.000","mg/L  as SiO2"
"M36/0473","1204423","11-Oct 2012 14:45pm","Sodium, Dissolved","8.970","mg/L"
"M36/0473","1204423","11-Oct 2012 14:45pm","Sulphate","1.700","mg/L"
"M36/0473","1204423","11-Oct 2012 14:45pm","Sum of anions","1.305","meq/L"
"M36/0473","1204423","11-Oct 2012 14:45pm","Sum of cations","1.320","meq/L"
"M36/0473","1204423","11-Oct 2012 14:45pm","Total Coliforms","<1.00","number/100mL"
"M36/0473","1204423","11-Oct 2012 14:45pm","Water Temperature (Field)","12.7","C"
"M36/0473","1105358","12-Oct 2011 10:00am","Alkalinity to pH 4.5 as HCO3","66.000","mg/L  as HCO3"
"M36/0473","1105358","12-Oct 2011 10:00am","Ammoniacal Nitrogen","0.008","mg/L"
"M36/0473","1105358","12-Oct 2011 10:00am","Calcium, Dissolved","12.000","mg/L"
"M36/0473","1105358","12-Oct 2011 10:00am","Chloride","5.800","mg/L"
"M36/0473","1105358","12-Oct 2011 10:00am","Conductivity","12.0","mS/m"
"M36/0473","1105358","12-Oct 2011 10:00am","Conductivity (Field)","12.80","mS/m"
"M36/0473","1105358","12-Oct 2011 10:00am","Difference in Ion Balance","-0.850","%"
"M36/0473","1105358","12-Oct 2011 10:00am","Dissolved Oxygen","2.400","mg/L"
"M36/0473","1105358","12-Oct 2011 10:00am","Dissolved Oxygen Saturation","23.000","%"
"M36/0473","1105358","12-Oct 2011 10:00am","E. coli","<1","MPN/100mL"
"M36/0473","1105358","12-Oct 2011 10:00am","Hardness, Total","44.000","g/m3 as CaCO3"
"M36/0473","1105358","12-Oct 2011 10:00am","Iron, Dissolved","<0.020","mg/L"
"M36/0473","1105358","12-Oct 2011 10:00am","Magnesium, Dissolved","3.500","mg/L"
"M36/0473","1105358","12-Oct 2011 10:00am","Manganese, Dissolved","<0.0005","mg/L"
"M36/0473","1105358","12-Oct 2011 10:00am","Nitrate Nitrogen","0.400","mg/L"
"M36/0473","1105358","12-Oct 2011 10:00am","pH","8.0",""
"M36/0473","1105358","12-Oct 2011 10:00am","pH (Field)","7.50",""
"M36/0473","1105358","12-Oct 2011 10:00am","Potassium, Dissolved","0.960","mg/L"
"M36/0473","1105358","12-Oct 2011 10:00am","Silica, Reactive","19.000","mg/L  as SiO2"
"M36/0473","1105358","12-Oct 2011 10:00am","Sodium, Dissolved","8.900","mg/L"
"M36/0473","1105358","12-Oct 2011 10:00am","Sulphate","2.100","mg/L"
"M36/0473","1105358","12-Oct 2011 10:00am","Sum of anions","1.318","meq/L"
"M36/0473","1105358","12-Oct 2011 10:00am","Sum of cations","1.296","meq/L"
"M36/0473","1105358","12-Oct 2011 10:00am","Total Coliforms","<1.00","number/100mL"
"M36/0473","1105358","12-Oct 2011 10:00am","Water Temperature (Field)","12.6","C"
"M36/0473","1005551","16-Nov 2010 11:05am","Alkalinity to pH 4.5 as HCO3","64.000","mg/L  as HCO3"
"M36/0473","1005551","16-Nov 2010 11:05am","Ammoniacal Nitrogen","0.017","mg/L"
"M36/0473","1005551","16-Nov 2010 11:05am","Calcium, Dissolved","13.000","mg/L"
"M36/0473","1005551","16-Nov 2010 11:05am","Chloride","5.900","mg/L"
"M36/0473","1005551","16-Nov 2010 11:05am","Conductivity","13.0","mS/m"
"M36/0473","1005551","16-Nov 2010 11:05am","Conductivity (Field)","12.60","mS/m"
"M36/0473","1005551","16-Nov 2010 11:05am","Difference in Ion Balance","2.700","%"
"M36/0473","1005551","16-Nov 2010 11:05am","Dissolved Oxygen","2.400","mg/L"
"M36/0473","1005551","16-Nov 2010 11:05am","Dissolved Oxygen Saturation","22.000","%"
"M36/0473","1005551","16-Nov 2010 11:05am","E. coli","<1","MPN/100mL"
"M36/0473","1005551","16-Nov 2010 11:05am","Hardness, Total","48.000","g/m3 as CaCO3"
"M36/0473","1005551","16-Nov 2010 11:05am","Iron, Dissolved","<0.002","mg/L"
"M36/0473","1005551","16-Nov 2010 11:05am","Magnesium, Dissolved","3.800","mg/L"
"M36/0473","1005551","16-Nov 2010 11:05am","Manganese, Dissolved","<0.0020","mg/L"
"M36/0473","1005551","16-Nov 2010 11:05am","Nitrate Nitrogen","0.500","mg/L"
"M36/0473","1005551","16-Nov 2010 11:05am","pH","7.9",""
"M36/0473","1005551","16-Nov 2010 11:05am","pH (Field)","7.70",""
"M36/0473","1005551","16-Nov 2010 11:05am","Potassium, Dissolved","0.950","mg/L"
"M36/0473","1005551","16-Nov 2010 11:05am","Silica, Reactive","18.000","mg/L  as SiO2"
"M36/0473","1005551","16-Nov 2010 11:05am","Sodium, Dissolved","8.900","mg/L"
"M36/0473","1005551","16-Nov 2010 11:05am","Sulphate","2.200","mg/L"
"M36/0473","1005551","16-Nov 2010 11:05am","Sum of anions","1.297","meq/L"
"M36/0473","1005551","16-Nov 2010 11:05am","Sum of cations","1.370","meq/L"
"M36/0473","1005551","16-Nov 2010 11:05am","Total Coliforms","<1.00","number/100mL"
"M36/0473","1005551","16-Nov 2010 11:05am","Water Temperature (Field)","12.8","C"
"M36/0473","1005550","16-Nov 2010 11:00am","Alkalinity to pH 4.5 as HCO3","64.000","mg/L  as HCO3"
"M36/0473","1005550","16-Nov 2010 11:00am","Ammoniacal Nitrogen","0.014","mg/L"
"M36/0473","1005550","16-Nov 2010 11:00am","Calcium, Dissolved","13.000","mg/L"
"M36/0473","1005550","16-Nov 2010 11:00am","Chloride","5.900","mg/L"
"M36/0473","1005550","16-Nov 2010 11:00am","Conductivity","13.0","mS/m"
"M36/0473","1005550","16-Nov 2010 11:00am","Conductivity (Field)","12.60","mS/m"
"M36/0473","1005550","16-Nov 2010 11:00am","Difference in Ion Balance","2.600","%"
"M36/0473","1005550","16-Nov 2010 11:00am","Dissolved Oxygen","2.400","mg/L"
"M36/0473","1005550","16-Nov 2010 11:00am","Dissolved Oxygen Saturation","22.000","%"
"M36/0473","1005550","16-Nov 2010 11:00am","E. coli","<1","MPN/100mL"
"M36/0473","1005550","16-Nov 2010 11:00am","Hardness, Total","48.000","g/m3 as CaCO3"
"M36/0473","1005550","16-Nov 2010 11:00am","Iron, Dissolved","0.021","mg/L"
"M36/0473","1005550","16-Nov 2010 11:00am","Magnesium, Dissolved","3.800","mg/L"
"M36/0473","1005550","16-Nov 2010 11:00am","Manganese, Dissolved","<0.0020","mg/L"
"M36/0473","1005550","16-Nov 2010 11:00am","Nitrate Nitrogen","0.500","mg/L"
"M36/0473","1005550","16-Nov 2010 11:00am","pH","7.8",""
"M36/0473","1005550","16-Nov 2010 11:00am","pH (Field)","7.70",""
"M36/0473","1005550","16-Nov 2010 11:00am","Potassium, Dissolved","0.950","mg/L"
"M36/0473","1005550","16-Nov 2010 11:00am","Silica, Reactive","19.000","mg/L  as SiO2"
"M36/0473","1005550","16-Nov 2010 11:00am","Sodium, Dissolved","8.800","mg/L"
"M36/0473","1005550","16-Nov 2010 11:00am","Sulphate","2.200","mg/L"
"M36/0473","1005550","16-Nov 2010 11:00am","Sum of anions","1.297","meq/L"
"M36/0473","1005550","16-Nov 2010 11:00am","Sum of cations","1.366","meq/L"
"M36/0473","1005550","16-Nov 2010 11:00am","Total Coliforms","<1.00","number/100mL"
"M36/0473","1005550","16-Nov 2010 11:00am","Water Temperature (Field)","12.8","C"
"M36/0473","2905689","09-Nov 2009 11:00am","Alkalinity to pH 4.5 as HCO3","70.000","mg/L  as HCO3"
"M36/0473","2905689","09-Nov 2009 11:00am","Ammoniacal Nitrogen","0.009","mg/L"
"M36/0473","2905689","09-Nov 2009 11:00am","Calcium, Dissolved","11.000","mg/L"
"M36/0473","2905689","09-Nov 2009 11:00am","Chloride","5.500","mg/L"
"M36/0473","2905689","09-Nov 2009 11:00am","Conductivity","12.0","mS/m"
"M36/0473","2905689","09-Nov 2009 11:00am","Conductivity (Field)","12.50","mS/m"
"M36/0473","2905689","09-Nov 2009 11:00am","Difference in Ion Balance","-7.400","%"
"M36/0473","2905689","09-Nov 2009 11:00am","Dissolved Oxygen","2.900","mg/L"
"M36/0473","2905689","09-Nov 2009 11:00am","Dissolved Oxygen Saturation","27.000","%"
"M36/0473","2905689","09-Nov 2009 11:00am","E. coli","<1","MPN/100mL"
"M36/0473","2905689","09-Nov 2009 11:00am","Hardness, Total","41.000","g/m3 as CaCO3"
"M36/0473","2905689","09-Nov 2009 11:00am","Iron, Dissolved","<0.030","mg/L"
"M36/0473","2905689","09-Nov 2009 11:00am","Magnesium, Dissolved","3.300","mg/L"
"M36/0473","2905689","09-Nov 2009 11:00am","Manganese, Dissolved","<0.0100","mg/L"
"M36/0473","2905689","09-Nov 2009 11:00am","Nitrate Nitrogen","0.400","mg/L"
"M36/0473","2905689","09-Nov 2009 11:00am","pH","8.0",""
"M36/0473","2905689","09-Nov 2009 11:00am","pH (Field)","7.60",""
"M36/0473","2905689","09-Nov 2009 11:00am","Potassium, Dissolved","0.800","mg/L"
"M36/0473","2905689","09-Nov 2009 11:00am","Silica, Reactive","19.000","mg/L  as SiO2"
"M36/0473","2905689","09-Nov 2009 11:00am","Sodium, Dissolved","8.000","mg/L"
"M36/0473","2905689","09-Nov 2009 11:00am","Sulphate","2.200","mg/L"
"M36/0473","2905689","09-Nov 2009 11:00am","Sum of anions","1.377","meq/L"
"M36/0473","2905689","09-Nov 2009 11:00am","Sum of cations","1.187","meq/L"
"M36/0473","2905689","09-Nov 2009 11:00am","Total Coliforms","<1.00","number/100mL"
"M36/0473","2905689","09-Nov 2009 11:00am","Water Temperature (Field)","12.8","C"
"M36/0473","2806446","17-Nov 2008 12:30pm","Alkalinity to pH 4.5 as HCO3","57.000","mg/L  as HCO3"
"M36/0473","2806446","17-Nov 2008 12:30pm","Ammoniacal Nitrogen","0.017","mg/L"
"M36/0473","2806446","17-Nov 2008 12:30pm","Calcium, Dissolved","12.000","mg/L"
"M36/0473","2806446","17-Nov 2008 12:30pm","Chloride","5.600","mg/L"
"M36/0473","2806446","17-Nov 2008 12:30pm","Conductivity","12.0","mS/m"
"M36/0473","2806446","17-Nov 2008 12:30pm","Conductivity (Field)","12.50","mS/m"
"M36/0473","2806446","17-Nov 2008 12:30pm","Difference in Ion Balance","2.400","%"
"M36/0473","2806446","17-Nov 2008 12:30pm","Dissolved Oxygen","2.900","mg/L"
"M36/0473","2806446","17-Nov 2008 12:30pm","Dissolved Oxygen Saturation","26.000","%"
"M36/0473","2806446","17-Nov 2008 12:30pm","Dissolved Reactive Phosphorus","0.0100","mg/L"
"M36/0473","2806446","17-Nov 2008 12:30pm","E. coli","<1","MPN/100mL"
"M36/0473","2806446","17-Nov 2008 12:30pm","Hardness, Total","43.000","g/m3 as CaCO3"
"M36/0473","2806446","17-Nov 2008 12:30pm","Iron, Dissolved","0.040","mg/L"
"M36/0473","2806446","17-Nov 2008 12:30pm","Magnesium, Dissolved","3.200","mg/L"
"M36/0473","2806446","17-Nov 2008 12:30pm","Manganese, Dissolved","<0.0100","mg/L"
"M36/0473","2806446","17-Nov 2008 12:30pm","Nitrate Nitrogen","0.500","mg/L"
"M36/0473","2806446","17-Nov 2008 12:30pm","Oxygen 18","-9.060",""
"M36/0473","2806446","17-Nov 2008 12:30pm","pH","8.0",""
"M36/0473","2806446","17-Nov 2008 12:30pm","pH (Field)","7.40",""
"M36/0473","2806446","17-Nov 2008 12:30pm","Potassium, Dissolved","0.900","mg/L"
"M36/0473","2806446","17-Nov 2008 12:30pm","Silica, Reactive","18.000","mg/L  as SiO2"
"M36/0473","2806446","17-Nov 2008 12:30pm","Sodium, Dissolved","8.000","mg/L"
"M36/0473","2806446","17-Nov 2008 12:30pm","Sulphate","2.200","mg/L"
"M36/0473","2806446","17-Nov 2008 12:30pm","Sum of anions","1.174","meq/L"
"M36/0473","2806446","17-Nov 2008 12:30pm","Sum of cations","1.232","meq/L"
"M36/0473","2806446","17-Nov 2008 12:30pm","Total Coliforms","<1.00","number/100mL"
"M36/0473","2806446","17-Nov 2008 12:30pm","Water Temperature (Field)","12.7","C"
"M36/0473","2705952","18-Oct 2007 10:00am","Alkalinity to pH 4.5 as HCO3","63.000","mg/L  as HCO3"
"M36/0473","2705952","18-Oct 2007 10:00am","Ammoniacal Nitrogen","0.012","mg/L"
"M36/0473","2705952","18-Oct 2007 10:00am","Calcium, Dissolved","14.000","mg/L"
"M36/0473","2705952","18-Oct 2007 10:00am","Chloride","5.700","mg/L"
"M36/0473","2705952","18-Oct 2007 10:00am","Conductivity","12.0","mS/m"
"M36/0473","2705952","18-Oct 2007 10:00am","Conductivity (Field)","12.50","mS/m"
"M36/0473","2705952","18-Oct 2007 10:00am","Difference in Ion Balance","5.100","%"
"M36/0473","2705952","18-Oct 2007 10:00am","Dissolved Oxygen","3.000","mg/L"
"M36/0473","2705952","18-Oct 2007 10:00am","Dissolved Oxygen Saturation","28.700","%"
"M36/0473","2705952","18-Oct 2007 10:00am","Dissolved Reactive Phosphorus","0.0130","mg/L"
"M36/0473","2705952","18-Oct 2007 10:00am","E. coli","<1","MPN/100mL"
"M36/0473","2705952","18-Oct 2007 10:00am","Hardness, Total","49.000","g/m3 as CaCO3"
"M36/0473","2705952","18-Oct 2007 10:00am","Iron, Dissolved","<0.030","mg/L"
"M36/0473","2705952","18-Oct 2007 10:00am","Magnesium, Dissolved","3.500","mg/L"
"M36/0473","2705952","18-Oct 2007 10:00am","Manganese, Dissolved","<0.0100","mg/L"
"M36/0473","2705952","18-Oct 2007 10:00am","Nitrate Nitrogen","0.400","mg/L"
"M36/0473","2705952","18-Oct 2007 10:00am","pH","7.8",""
"M36/0473","2705952","18-Oct 2007 10:00am","pH (Field)","7.70",""
"M36/0473","2705952","18-Oct 2007 10:00am","Potassium, Dissolved","1.000","mg/L"
"M36/0473","2705952","18-Oct 2007 10:00am","Silica, Reactive","19.000","mg/L  as SiO2"
"M36/0473","2705952","18-Oct 2007 10:00am","Sodium, Dissolved","9.100","mg/L"
"M36/0473","2705952","18-Oct 2007 10:00am","Sulphate","2.300","mg/L"
"M36/0473","2705952","18-Oct 2007 10:00am","Sum of anions","1.270","meq/L"
"M36/0473","2705952","18-Oct 2007 10:00am","Sum of cations","1.406","meq/L"
"M36/0473","2705952","18-Oct 2007 10:00am","Total Coliforms","<1.00","number/100mL"
"M36/0473","2705952","18-Oct 2007 10:00am","Water Temperature (Field)","12.7","C"
"M36/0473","2605868","11-Oct 2006 10:30am","Alkalinity to pH 4.5 as HCO3","63.000","mg/L  as HCO3"
"M36/0473","2605868","11-Oct 2006 10:30am","Ammoniacal Nitrogen","<0.005","mg/L"
"M36/0473","2605868","11-Oct 2006 10:30am","Calcium, Dissolved","12.000","mg/L"
"M36/0473","2605868","11-Oct 2006 10:30am","Chloride","5.300","mg/L"
"M36/0473","2605868","11-Oct 2006 10:30am","Conductivity","12.0","mS/m"
"M36/0473","2605868","11-Oct 2006 10:30am","Conductivity (Field)","12.40","mS/m"
"M36/0473","2605868","11-Oct 2006 10:30am","Difference in Ion Balance","-0.320","%"
"M36/0473","2605868","11-Oct 2006 10:30am","Dissolved Oxygen","3.000","mg/L"
"M36/0473","2605868","11-Oct 2006 10:30am","Dissolved Oxygen Saturation","28.800","%"
"M36/0473","2605868","11-Oct 2006 10:30am","E. coli","<1","MPN/100mL"
"M36/0473","2605868","11-Oct 2006 10:30am","Hardness, Total","44.000","g/m3 as CaCO3"
"M36/0473","2605868","11-Oct 2006 10:30am","Iron, Dissolved","<0.030","mg/L"
"M36/0473","2605868","11-Oct 2006 10:30am","Magnesium, Dissolved","3.400","mg/L"
"M36/0473","2605868","11-Oct 2006 10:30am","Manganese, Dissolved","<0.0100","mg/L"
"M36/0473","2605868","11-Oct 2006 10:30am","Nitrate Nitrogen","0.400","mg/L"
"M36/0473","2605868","11-Oct 2006 10:30am","pH","7.7",""
"M36/0473","2605868","11-Oct 2006 10:30am","pH (Field)","7.60",""
"M36/0473","2605868","11-Oct 2006 10:30am","Potassium, Dissolved","0.800","mg/L"
"M36/0473","2605868","11-Oct 2006 10:30am","Silica, Reactive","18.000","mg/L  as SiO2"
"M36/0473","2605868","11-Oct 2006 10:30am","Sodium, Dissolved","8.100","mg/L"
"M36/0473","2605868","11-Oct 2006 10:30am","Sulphate","2.200","mg/L"
"M36/0473","2605868","11-Oct 2006 10:30am","Sum of anions","1.257","meq/L"
"M36/0473","2605868","11-Oct 2006 10:30am","Sum of cations","1.249","meq/L"
"M36/0473","2605868","11-Oct 2006 10:30am","Total Coliforms","<1.00","number/100mL"
"M36/0473","2605868","11-Oct 2006 10:30am","Water Temperature (Field)","13.7","C"
"M36/0473","2506924","19-Oct 2005 10:30am","Alkalinity to pH 4.5 as HCO3","65.000","mg/L  as HCO3"
"M36/0473","2506924","19-Oct 2005 10:30am","Ammoniacal Nitrogen","0.021","mg/L"
"M36/0473","2506924","19-Oct 2005 10:30am","Calcium, Dissolved","11.000","mg/L"
"M36/0473","2506924","19-Oct 2005 10:30am","Chloride","5.300","mg/L"
"M36/0473","2506924","19-Oct 2005 10:30am","Conductivity","12.0","mS/m"
"M36/0473","2506924","19-Oct 2005 10:30am","Conductivity (Field)","12.70","mS/m"
"M36/0473","2506924","19-Oct 2005 10:30am","Difference in Ion Balance","-2.200","%"
"M36/0473","2506924","19-Oct 2005 10:30am","Dissolved Oxygen","2.800","mg/L"
"M36/0473","2506924","19-Oct 2005 10:30am","Dissolved Oxygen Saturation","26.800","%"
"M36/0473","2506924","19-Oct 2005 10:30am","E. coli","<1","MPN/100mL"
"M36/0473","2506924","19-Oct 2005 10:30am","Hardness, Total","41.000","g/m3 as CaCO3"
"M36/0473","2506924","19-Oct 2005 10:30am","Iron, Dissolved","<0.030","mg/L"
"M36/0473","2506924","19-Oct 2005 10:30am","Magnesium, Dissolved","3.400","mg/L"
"M36/0473","2506924","19-Oct 2005 10:30am","Manganese, Dissolved","<0.0100","mg/L"
"M36/0473","2506924","19-Oct 2005 10:30am","Nitrate Nitrogen","0.300","mg/L"
"M36/0473","2506924","19-Oct 2005 10:30am","pH","7.8",""
"M36/0473","2506924","19-Oct 2005 10:30am","pH (Field)","7.90",""
"M36/0473","2506924","19-Oct 2005 10:30am","Potassium, Dissolved","0.800","mg/L"
"M36/0473","2506924","19-Oct 2005 10:30am","Silica, Reactive","22.000","mg/L  as SiO2"
"M36/0473","2506924","19-Oct 2005 10:30am","Sodium, Dissolved","8.500","mg/L"
"M36/0473","2506924","19-Oct 2005 10:30am","Sulphate","1.800","mg/L"
"M36/0473","2506924","19-Oct 2005 10:30am","Sum of anions","1.274","meq/L"
"M36/0473","2506924","19-Oct 2005 10:30am","Sum of cations","1.218","meq/L"
"M36/0473","2506924","19-Oct 2005 10:30am","Total Coliforms","<1.00","number/100mL"
"M36/0473","2506924","19-Oct 2005 10:30am","Water Temperature (Field)","12.8","C"
"M36/0473","2406682","13-Oct 2004 13:15pm","Alkalinity to pH 4.5 as HCO3","63.000","mg/L  as HCO3"
"M36/0473","2406682","13-Oct 2004 13:15pm","Ammoniacal Nitrogen","0.012","mg/L"
"M36/0473","2406682","13-Oct 2004 13:15pm","Calcium, Dissolved","11.000","mg/L"
"M36/0473","2406682","13-Oct 2004 13:15pm","Chloride","5.700","mg/L"
"M36/0473","2406682","13-Oct 2004 13:15pm","Conductivity","12.0","mS/m"
"M36/0473","2406682","13-Oct 2004 13:15pm","Conductivity (Field)","12.30","mS/m"
"M36/0473","2406682","13-Oct 2004 13:15pm","Difference in Ion Balance","-3.700","%"
"M36/0473","2406682","13-Oct 2004 13:15pm","Dissolved Oxygen","3.700","mg/L"
"M36/0473","2406682","13-Oct 2004 13:15pm","Dissolved Oxygen Saturation","38.500","%"
"M36/0473","2406682","13-Oct 2004 13:15pm","E. coli","<1","MPN/100mL"
"M36/0473","2406682","13-Oct 2004 13:15pm","Hardness, Total","39.000","g/m3 as CaCO3"
"M36/0473","2406682","13-Oct 2004 13:15pm","Iron, Dissolved","0.130","mg/L"
"M36/0473","2406682","13-Oct 2004 13:15pm","Magnesium, Dissolved","2.900","mg/L"
"M36/0473","2406682","13-Oct 2004 13:15pm","Manganese, Dissolved","<0.0100","mg/L"
"M36/0473","2406682","13-Oct 2004 13:15pm","Nitrate Nitrogen","0.400","mg/L"
"M36/0473","2406682","13-Oct 2004 13:15pm","pH","7.9",""
"M36/0473","2406682","13-Oct 2004 13:15pm","pH (Field)","7.50",""
"M36/0473","2406682","13-Oct 2004 13:15pm","Potassium, Dissolved","0.900","mg/L"
"M36/0473","2406682","13-Oct 2004 13:15pm","Silica, Reactive","20.000","mg/L  as SiO2"
"M36/0473","2406682","13-Oct 2004 13:15pm","Sodium, Dissolved","8.300","mg/L"
"M36/0473","2406682","13-Oct 2004 13:15pm","Sulphate","2.000","mg/L"
"M36/0473","2406682","13-Oct 2004 13:15pm","Sum of anions","1.264","meq/L"
"M36/0473","2406682","13-Oct 2004 13:15pm","Sum of cations","1.174","meq/L"
"M36/0473","2406682","13-Oct 2004 13:15pm","Total Coliforms","<1.00","number/100mL"
"M36/0473","2406682","13-Oct 2004 13:15pm","Water Temperature (Field)","13.7","C"
"M36/0473","2305872","14-Oct 2003 13:15pm","Alkalinity to pH 4.5 as HCO3","66.000","mg/L  as HCO3"
"M36/0473","2305872","14-Oct 2003 13:15pm","Ammoniacal Nitrogen","<0.005","mg/L"
"M36/0473","2305872","14-Oct 2003 13:15pm","Calcium, Dissolved","11.000","mg/L"
"M36/0473","2305872","14-Oct 2003 13:15pm","Chloride","5.500","mg/L"
"M36/0473","2305872","14-Oct 2003 13:15pm","Conductivity","13.0","mS/m"
"M36/0473","2305872","14-Oct 2003 13:15pm","Conductivity (Field)","12.50","mS/m"
"M36/0473","2305872","14-Oct 2003 13:15pm","Difference in Ion Balance","-4.300","%"
"M36/0473","2305872","14-Oct 2003 13:15pm","Dissolved Oxygen","3.900","mg/L"
"M36/0473","2305872","14-Oct 2003 13:15pm","Dissolved Oxygen Saturation","38.200","%"
"M36/0473","2305872","14-Oct 2003 13:15pm","E. coli","<1","MPN/100mL"
"M36/0473","2305872","14-Oct 2003 13:15pm","Hardness, Total","41.000","g/m3 as CaCO3"
"M36/0473","2305872","14-Oct 2003 13:15pm","Iron, Dissolved","<0.030","mg/L"
"M36/0473","2305872","14-Oct 2003 13:15pm","Magnesium, Dissolved","3.200","mg/L"
"M36/0473","2305872","14-Oct 2003 13:15pm","Manganese, Dissolved","<0.0100","mg/L"
"M36/0473","2305872","14-Oct 2003 13:15pm","Nitrate Nitrogen","0.300","mg/L"
"M36/0473","2305872","14-Oct 2003 13:15pm","pH","7.8",""
"M36/0473","2305872","14-Oct 2003 13:15pm","pH (Field)","7.30",""
"M36/0473","2305872","14-Oct 2003 13:15pm","Potassium, Dissolved","0.900","mg/L"
"M36/0473","2305872","14-Oct 2003 13:15pm","Silica, Reactive","20.000","mg/L  as SiO2"
"M36/0473","2305872","14-Oct 2003 13:15pm","Sodium, Dissolved","8.300","mg/L"
"M36/0473","2305872","14-Oct 2003 13:15pm","Sulphate","2.000","mg/L"
"M36/0473","2305872","14-Oct 2003 13:15pm","Sum of anions","1.301","meq/L"
"M36/0473","2305872","14-Oct 2003 13:15pm","Sum of cations","1.194","meq/L"
"M36/0473","2305872","14-Oct 2003 13:15pm","Total Coliforms","<1.00","number/100mL"
"M36/0473","2305872","14-Oct 2003 13:15pm","Water Temperature (Field)","14.2","C"
"M36/0473","2205104","17-Oct 2002 11:00am","Alkalinity to pH 4.5 as HCO3","63.000","mg/L  as HCO3"
"M36/0473","2205104","17-Oct 2002 11:00am","Ammoniacal Nitrogen","0.009","mg/L"
"M36/0473","2205104","17-Oct 2002 11:00am","Calcium, Total","11.000","mg/L"
"M36/0473","2205104","17-Oct 2002 11:00am","Chloride","5.700","mg/L"
"M36/0473","2205104","17-Oct 2002 11:00am","Conductivity","13.0","mS/m"
"M36/0473","2205104","17-Oct 2002 11:00am","Difference in Ion Balance","-2.100","%"
"M36/0473","2205104","17-Oct 2002 11:00am","Dissolved Oxygen","2.700","mg/L"
"M36/0473","2205104","17-Oct 2002 11:00am","Dissolved Oxygen Saturation","25.600","%"
"M36/0473","2205104","17-Oct 2002 11:00am","E. coli","<1","MPN/100mL"
"M36/0473","2205104","17-Oct 2002 11:00am","Hardness, Total","41.000","g/m3 as CaCO3"
"M36/0473","2205104","17-Oct 2002 11:00am","Iron, Total","0.150","mg/L"
"M36/0473","2205104","17-Oct 2002 11:00am","Magnesium, Total","3.300","mg/L"
"M36/0473","2205104","17-Oct 2002 11:00am","Manganese, Total","<0.01000","mg/L"
"M36/0473","2205104","17-Oct 2002 11:00am","Nitrate Nitrogen","0.400","mg/L"
"M36/0473","2205104","17-Oct 2002 11:00am","pH","7.8",""
"M36/0473","2205104","17-Oct 2002 11:00am","Potassium, Total","1.000","mg/L"
"M36/0473","2205104","17-Oct 2002 11:00am","Silica, Reactive","18.000","mg/L  as SiO2"
"M36/0473","2205104","17-Oct 2002 11:00am","Sodium, Total","8.200","mg/L"
"M36/0473","2205104","17-Oct 2002 11:00am","Sulphate","1.900","mg/L"
"M36/0473","2205104","17-Oct 2002 11:00am","Sum of anions","1.262","meq/L"
"M36/0473","2205104","17-Oct 2002 11:00am","Sum of cations","1.209","meq/L"
"M36/0473","2205104","17-Oct 2002 11:00am","Total Coliforms","<1.00","number/100mL"
"M36/0473","2205104","17-Oct 2002 11:00am","Water Temperature (Field)","12.9","C"
"M36/0473","2106126","11-Oct 2001 13:20pm","Alkalinity to pH 4.5 as HCO3","63.000","mg/L  as HCO3"
"M36/0473","2106126","11-Oct 2001 13:20pm","Ammoniacal Nitrogen","<0.005","mg/L"
"M36/0473","2106126","11-Oct 2001 13:20pm","Calcium, Total","11.000","mg/L"
"M36/0473","2106126","11-Oct 2001 13:20pm","Chloride","5.500","mg/L"
"M36/0473","2106126","11-Oct 2001 13:20pm","Conductivity","13.0","mS/m"
"M36/0473","2106126","11-Oct 2001 13:20pm","Difference in Ion Balance","-1.800","%"
"M36/0473","2106126","11-Oct 2001 13:20pm","Dissolved Oxygen","2.700","mg/L"
"M36/0473","2106126","11-Oct 2001 13:20pm","Dissolved Oxygen Saturation","25.500","%"
"M36/0473","2106126","11-Oct 2001 13:20pm","E. coli","<1","MPN/100mL"
"M36/0473","2106126","11-Oct 2001 13:20pm","Faecal Coliforms","1","cfu/100mL"
"M36/0473","2106126","11-Oct 2001 13:20pm","Hardness, Total","41.000","g/m3 as CaCO3"
"M36/0473","2106126","11-Oct 2001 13:20pm","Iron, Total","<0.030","mg/L"
"M36/0473","2106126","11-Oct 2001 13:20pm","Magnesium, Total","3.200","mg/L"
"M36/0473","2106126","11-Oct 2001 13:20pm","Manganese, Total","<0.01000","mg/L"
"M36/0473","2106126","11-Oct 2001 13:20pm","Nitrate Nitrogen","0.400","mg/L"
"M36/0473","2106126","11-Oct 2001 13:20pm","pH","7.8",""
"M36/0473","2106126","11-Oct 2001 13:20pm","Potassium, Total","0.200","mg/L"
"M36/0473","2106126","11-Oct 2001 13:20pm","Silica, Reactive","19.000","mg/L  as SiO2"
"M36/0473","2106126","11-Oct 2001 13:20pm","Sodium, Total","9.000","mg/L"
"M36/0473","2106126","11-Oct 2001 13:20pm","Sulphate","2.000","mg/L"
"M36/0473","2106126","11-Oct 2001 13:20pm","Sum of anions","1.255","meq/L"
"M36/0473","2106126","11-Oct 2001 13:20pm","Sum of cations","1.210","meq/L"
"M36/0473","2106126","11-Oct 2001 13:20pm","Total Coliforms","<1.00","number/100mL"
"M36/0473","2106126","11-Oct 2001 13:20pm","Water Temperature (Field)","12.4","C"
"M36/0473","2009483","14-Nov 2000 11:00am","Alkalinity to pH 4.5 as HCO3","63.000","mg/L  as HCO3"
"M36/0473","2009483","14-Nov 2000 11:00am","Ammoniacal Nitrogen","<0.005","mg/L"
"M36/0473","2009483","14-Nov 2000 11:00am","Calcium, Total","12.000","mg/L"
"M36/0473","2009483","14-Nov 2000 11:00am","Chloride","5.800","mg/L"
"M36/0473","2009483","14-Nov 2000 11:00am","Conductivity","13.0","mS/m"
"M36/0473","2009483","14-Nov 2000 11:00am","Conductivity (Field)","12.60","mS/m"
"M36/0473","2009483","14-Nov 2000 11:00am","Difference in Ion Balance","-0.700","%"
"M36/0473","2009483","14-Nov 2000 11:00am","E. coli","<1","MPN/100mL"
"M36/0473","2009483","14-Nov 2000 11:00am","Faecal Coliforms","<1","cfu/100mL"
"M36/0473","2009483","14-Nov 2000 11:00am","Hardness, Total","43.000","g/m3 as CaCO3"
"M36/0473","2009483","14-Nov 2000 11:00am","Iron, Total","<0.120","mg/L"
"M36/0473","2009483","14-Nov 2000 11:00am","Magnesium, Total","3.200","mg/L"
"M36/0473","2009483","14-Nov 2000 11:00am","Manganese, Total","<0.04000","mg/L"
"M36/0473","2009483","14-Nov 2000 11:00am","Nitrate Nitrogen","0.400","mg/L"
"M36/0473","2009483","14-Nov 2000 11:00am","pH","7.9",""
"M36/0473","2009483","14-Nov 2000 11:00am","pH (Field)","7.60",""
"M36/0473","2009483","14-Nov 2000 11:00am","Potassium, Total","0.900","mg/L"
"M36/0473","2009483","14-Nov 2000 11:00am","Silica, Reactive","18.000","mg/L  as SiO2"
"M36/0473","2009483","14-Nov 2000 11:00am","Sodium, Total","8.000","mg/L"
"M36/0473","2009483","14-Nov 2000 11:00am","Sulphate","1.900","mg/L"
"M36/0473","2009483","14-Nov 2000 11:00am","Sum of anions","1.264","meq/L"
"M36/0473","2009483","14-Nov 2000 11:00am","Sum of cations","1.246","meq/L"
"M36/0473","2009483","14-Nov 2000 11:00am","Total Coliforms","<1.00","number/100mL"
"M36/0473","2009483","14-Nov 2000 11:00am","Water Temperature (Field)","12.8","C"
"M36/0473","9902016","14-Oct 1999 09:35am","Alkalinity to pH 4.5 as HCO3","63.000","mg/L  as HCO3"
"M36/0473","9902016","14-Oct 1999 09:35am","Ammoniacal Nitrogen","<0.005","mg/L"
"M36/0473","9902016","14-Oct 1999 09:35am","Arsenic, Total","<0.0020","mg/L"
"M36/0473","9902016","14-Oct 1999 09:35am","Calcium, Total","11.000","mg/L"
"M36/0473","9902016","14-Oct 1999 09:35am","Chloride","5.400","mg/L"
"M36/0473","9902016","14-Oct 1999 09:35am","Conductivity","13.0","mS/m"
"M36/0473","9902016","14-Oct 1999 09:35am","Conductivity (Field)","9.40","mS/m"
"M36/0473","9902016","14-Oct 1999 09:35am","Difference in Ion Balance","-2.500","%"
"M36/0473","9902016","14-Oct 1999 09:35am","Dissolved Oxygen","2.700","mg/L"
"M36/0473","9902016","14-Oct 1999 09:35am","Dissolved Oxygen Saturation","25.000","%"
"M36/0473","9902016","14-Oct 1999 09:35am","E. coli","<1","MPN/100mL"
"M36/0473","9902016","14-Oct 1999 09:35am","Faecal Coliforms","<1","cfu/100mL"
"M36/0473","9902016","14-Oct 1999 09:35am","Hardness, Total","41.000","g/m3 as CaCO3"
"M36/0473","9902016","14-Oct 1999 09:35am","Iron, Total","<0.120","mg/L"
"M36/0473","9902016","14-Oct 1999 09:35am","Magnesium, Total","3.200","mg/L"
"M36/0473","9902016","14-Oct 1999 09:35am","Manganese, Total","<0.04000","mg/L"
"M36/0473","9902016","14-Oct 1999 09:35am","Nitrate Nitrogen","0.300","mg/L"
"M36/0473","9902016","14-Oct 1999 09:35am","pH","7.8",""
"M36/0473","9902016","14-Oct 1999 09:35am","pH (Field)","7.80",""
"M36/0473","9902016","14-Oct 1999 09:35am","Potassium, Total","0.860","mg/L"
"M36/0473","9902016","14-Oct 1999 09:35am","Silica, Reactive","19.000","mg/L  as SiO2"
"M36/0473","9902016","14-Oct 1999 09:35am","Sodium, Total","8.000","mg/L"
"M36/0473","9902016","14-Oct 1999 09:35am","Sulphate","1.800","mg/L"
"M36/0473","9902016","14-Oct 1999 09:35am","Sum of anions","1.243","meq/L"
"M36/0473","9902016","14-Oct 1999 09:35am","Sum of cations","1.182","meq/L"
"M36/0473","9902016","14-Oct 1999 09:35am","Total Coliforms","<1.00","number/100mL"
"M36/0473","9902016","14-Oct 1999 09:35am","Water Temperature (Field)","12.0","C"
"M36/0473","CQ987771","09-Sep 1998 10:00am","Alkalinity to pH 4.5 as HCO3","68.000","mg/L  as HCO3"
"M36/0473","CQ987771","09-Sep 1998 10:00am","Ammoniacal Nitrogen","<0.005","mg/L"
"M36/0473","CQ987771","09-Sep 1998 10:00am","Calcium, Total","13.000","mg/L"
"M36/0473","CQ987771","09-Sep 1998 10:00am","Chloride","5.500","mg/L"
"M36/0473","CQ987771","09-Sep 1998 10:00am","Conductivity","13.0","mS/m"
"M36/0473","CQ987771","09-Sep 1998 10:00am","Difference in Ion Balance","0.400","%"
"M36/0473","CQ987771","09-Sep 1998 10:00am","Faecal Coliforms","<1","cfu/100mL"
"M36/0473","CQ987771","09-Sep 1998 10:00am","Hardness, Total","47.000","g/m3 as CaCO3"
"M36/0473","CQ987771","09-Sep 1998 10:00am","Iron, Total","<0.120","mg/L"
"M36/0473","CQ987771","09-Sep 1998 10:00am","Magnesium, Total","3.500","mg/L"
"M36/0473","CQ987771","09-Sep 1998 10:00am","Manganese, Total","<0.04000","mg/L"
"M36/0473","CQ987771","09-Sep 1998 10:00am","Nitrate Nitrogen","0.340","mg/L"
"M36/0473","CQ987771","09-Sep 1998 10:00am","pH","7.8",""
"M36/0473","CQ987771","09-Sep 1998 10:00am","Potassium, Total","0.910","mg/L"
"M36/0473","CQ987771","09-Sep 1998 10:00am","Silica, Reactive","19.000","mg/L  as SiO2"
"M36/0473","CQ987771","09-Sep 1998 10:00am","Sodium, Total","8.900","mg/L"
"M36/0473","CQ987771","09-Sep 1998 10:00am","Sulphate","2.000","mg/L"
"M36/0473","CQ987771","09-Sep 1998 10:00am","Sum of anions","1.340","meq/L"
"M36/0473","CQ987771","09-Sep 1998 10:00am","Sum of cations","1.350","meq/L"
"M36/0473","CQ987771","09-Sep 1998 10:00am","Total Coliforms","<1.00","number/100mL"
"M36/0473","CQ972460","01-Oct 1997 11:30am","Alkalinity to pH 4.5 as HCO3","67.000","mg/L  as HCO3"
"M36/0473","CQ972460","01-Oct 1997 11:30am","Ammoniacal Nitrogen","<0.005","mg/L"
"M36/0473","CQ972460","01-Oct 1997 11:30am","Calcium","13.000","mg/L"
"M36/0473","CQ972460","01-Oct 1997 11:30am","Chloride","4.800","mg/L"
"M36/0473","CQ972460","01-Oct 1997 11:30am","Conductivity","13.0","mS/m"
"M36/0473","CQ972460","01-Oct 1997 11:30am","Difference in Ion Balance","0.000","%"
"M36/0473","CQ972460","01-Oct 1997 11:30am","Faecal Coliforms","<1","cfu/100mL"
"M36/0473","CQ972460","01-Oct 1997 11:30am","Hardness, Total","46.000","g/m3 as CaCO3"
"M36/0473","CQ972460","01-Oct 1997 11:30am","Iron, Total","<0.120","mg/L"
"M36/0473","CQ972460","01-Oct 1997 11:30am","Magnesium, Total","3.200","mg/L"
"M36/0473","CQ972460","01-Oct 1997 11:30am","Manganese, Total","<0.04000","mg/L"
"M36/0473","CQ972460","01-Oct 1997 11:30am","Nitrate Nitrogen","0.310","mg/L"
"M36/0473","CQ972460","01-Oct 1997 11:30am","Nitrite Nitrogen","<0.005","mg/L"
"M36/0473","CQ972460","01-Oct 1997 11:30am","pH","7.7",""
"M36/0473","CQ972460","01-Oct 1997 11:30am","Potassium, Total","0.880","mg/L"
"M36/0473","CQ972460","01-Oct 1997 11:30am","Silica, Reactive","19.000","mg/L  as SiO2"
"M36/0473","CQ972460","01-Oct 1997 11:30am","Sodium, Total","8.100","mg/L"
"M36/0473","CQ972460","01-Oct 1997 11:30am","Sulphate","1.800","mg/L"
"M36/0473","CQ972460","01-Oct 1997 11:30am","Sum of anions","1.290","meq/L"
"M36/0473","CQ972460","01-Oct 1997 11:30am","Sum of cations","1.290","meq/L"
"M36/0473","CQ972460","01-Oct 1997 11:30am","Total Coliforms","<1.00","number/100mL"
"M36/0473","CQ960987","14-Oct 1996 13:30pm","Alkalinity to pH 4.5 as HCO3","65.000","mg/L  as HCO3"
"M36/0473","CQ960987","14-Oct 1996 13:30pm","Ammoniacal Nitrogen","0.007","mg/L"
"M36/0473","CQ960987","14-Oct 1996 13:30pm","Calcium","13.000","mg/L"
"M36/0473","CQ960987","14-Oct 1996 13:30pm","Chloride","5.000","mg/L"
"M36/0473","CQ960987","14-Oct 1996 13:30pm","Conductivity","12.5","mS/m"
"M36/0473","CQ960987","14-Oct 1996 13:30pm","Difference in Ion Balance","-1.100","%"
"M36/0473","CQ960987","14-Oct 1996 13:30pm","Faecal Coliforms","<1","cfu/100mL"
"M36/0473","CQ960987","14-Oct 1996 13:30pm","Hardness, Total","45.000","g/m3 as CaCO3"
"M36/0473","CQ960987","14-Oct 1996 13:30pm","Iron, Total","<0.120","mg/L"
"M36/0473","CQ960987","14-Oct 1996 13:30pm","Magnesium, Total","3.100","mg/L"
"M36/0473","CQ960987","14-Oct 1996 13:30pm","Manganese, Total","<0.04000","mg/L"
"M36/0473","CQ960987","14-Oct 1996 13:30pm","Nitrate Nitrogen","0.370","mg/L"
"M36/0473","CQ960987","14-Oct 1996 13:30pm","pH","7.7",""
"M36/0473","CQ960987","14-Oct 1996 13:30pm","Potassium, Total","0.910","mg/L"
"M36/0473","CQ960987","14-Oct 1996 13:30pm","Sodium, Total","8.100","mg/L"
"M36/0473","CQ960987","14-Oct 1996 13:30pm","Sulphate","3.100","mg/L"
"M36/0473","CQ960987","14-Oct 1996 13:30pm","Sum of anions","1.310","meq/L"
"M36/0473","CQ960987","14-Oct 1996 13:30pm","Sum of cations","1.280","meq/L"
"M36/0473","CQ960987","14-Oct 1996 13:30pm","Total Coliforms","<1.00","number/100mL"
"M36/0473","CQ954657","18-Sep 1995 14:35pm","Alkalinity to pH 4.5 as HCO3","65.000","mg/L  as HCO3"
"M36/0473","CQ954657","18-Sep 1995 14:35pm","Ammoniacal Nitrogen","<0.005","mg/L"
"M36/0473","CQ954657","18-Sep 1995 14:35pm","Calcium","11.000","mg/L"
"M36/0473","CQ954657","18-Sep 1995 14:35pm","Chloride","5.000","mg/L"
"M36/0473","CQ954657","18-Sep 1995 14:35pm","Conductivity","12.0","mS/m"
"M36/0473","CQ954657","18-Sep 1995 14:35pm","Difference in Ion Balance","3.500","%"
"M36/0473","CQ954657","18-Sep 1995 14:35pm","Faecal Coliforms","<1","cfu/100mL"
"M36/0473","CQ954657","18-Sep 1995 14:35pm","Hardness, Total","41.000","g/m3 as CaCO3"
"M36/0473","CQ954657","18-Sep 1995 14:35pm","Iron, Total","<0.120","mg/L"
"M36/0473","CQ954657","18-Sep 1995 14:35pm","Magnesium, Total","3.200","mg/L"
"M36/0473","CQ954657","18-Sep 1995 14:35pm","Manganese, Total","<0.04000","mg/L"
"M36/0473","CQ954657","18-Sep 1995 14:35pm","Nitrate Nitrogen","0.400","mg/L"
"M36/0473","CQ954657","18-Sep 1995 14:35pm","pH","7.8",""
"M36/0473","CQ954657","18-Sep 1995 14:35pm","Potassium, Total","0.900","mg/L"
"M36/0473","CQ954657","18-Sep 1995 14:35pm","Sodium, Total","8.100","mg/L"
"M36/0473","CQ954657","18-Sep 1995 14:35pm","Sulphate","1.900","mg/L"
"M36/0473","CQ954657","18-Sep 1995 14:35pm","Sum of anions","1.270","meq/L"
"M36/0473","CQ954657","18-Sep 1995 14:35pm","Sum of cations","1.190","meq/L"
"M36/0473","CQ954657","18-Sep 1995 14:35pm","Total Coliforms","<1.00","number/100mL"
"M36/0473","CQ941652","28-Sep 1994 14:15pm","Alkalinity to pH 4.5 as HCO3","63.000","mg/L  as HCO3"
"M36/0473","CQ941652","28-Sep 1994 14:15pm","Ammoniacal Nitrogen","<0.005","mg/L"
"M36/0473","CQ941652","28-Sep 1994 14:15pm","Calcium, Dissolved","13.000","mg/L"
"M36/0473","CQ941652","28-Sep 1994 14:15pm","Chloride","5.000","mg/L"
"M36/0473","CQ941652","28-Sep 1994 14:15pm","Conductivity","12.3","mS/m"
"M36/0473","CQ941652","28-Sep 1994 14:15pm","Faecal Coliforms","<1","cfu/100mL"
"M36/0473","CQ941652","28-Sep 1994 14:15pm","Hardness, Total","47.000","g/m3 as CaCO3"
"M36/0473","CQ941652","28-Sep 1994 14:15pm","Magnesium, Dissolved","3.600","mg/L"
"M36/0473","CQ941652","28-Sep 1994 14:15pm","pH","7.8",""
"M36/0473","CQ941652","28-Sep 1994 14:15pm","Potassium, Dissolved","0.900","mg/L"
"M36/0473","CQ941652","28-Sep 1994 14:15pm","Sodium, Dissolved","8.400","mg/L"
"M36/0473","CQ941652","28-Sep 1994 14:15pm","Sulphate","<5.000","mg/L"
"M36/0473","CQ941652","28-Sep 1994 14:15pm","Total Coliforms","<1.00","number/100mL"
"M36/0473","CQ931429","28-Sep 1993 13:55pm","Alkalinity to pH 4.5 as HCO3","64.000","mg/L  as HCO3"
"M36/0473","CQ931429","28-Sep 1993 13:55pm","Calcium, Dissolved","11.000","mg/L"
"M36/0473","CQ931429","28-Sep 1993 13:55pm","Chloride","5.600","mg/L"
"M36/0473","CQ931429","28-Sep 1993 13:55pm","Conductivity","12.5","mS/m"
"M36/0473","CQ931429","28-Sep 1993 13:55pm","Faecal Coliforms","0","cfu/100mL"
"M36/0473","CQ931429","28-Sep 1993 13:55pm","Free Carbon Dioxide","2.000","g/m3 at 25°;C"
"M36/0473","CQ931429","28-Sep 1993 13:55pm","Hardness, Total","41.000","g/m3 as CaCO3"
"M36/0473","CQ931429","28-Sep 1993 13:55pm","Iron, Dissolved","<0.100","mg/L"
"M36/0473","CQ931429","28-Sep 1993 13:55pm","Magnesium, Dissolved","3.200","mg/L"
"M36/0473","CQ931429","28-Sep 1993 13:55pm","Manganese, Dissolved","<0.0200","mg/L"
"M36/0473","CQ931429","28-Sep 1993 13:55pm","Nitrate Nitrogen","0.300","mg/L"
"M36/0473","CQ931429","28-Sep 1993 13:55pm","pH","7.7",""
"M36/0473","CQ931429","28-Sep 1993 13:55pm","Potassium, Dissolved","0.900","mg/L"
"M36/0473","CQ931429","28-Sep 1993 13:55pm","Sodium, Dissolved","8.500","mg/L"
"M36/0473","CQ931429","28-Sep 1993 13:55pm","Sulphate","2.000","mg/L"
"M36/0473","CQ931429","28-Sep 1993 13:55pm","Total Coliforms","0","number/100mL"
"M36/0473","CQ923050","12-Oct 1992 13:20pm","Chloride","6.000","mg/L"
"M36/0473","CQ923050","12-Oct 1992 13:20pm","Conductivity","12.5","mS/m"
"M36/0473","CQ923050","12-Oct 1992 13:20pm","Faecal Coliforms","0","cfu/100mL"
"M36/0473","CQ923050","12-Oct 1992 13:20pm","Nitrate-N Nitrite-N","0.310","g/m3"
"M36/0473","CQ923050","12-Oct 1992 13:20pm","pH","7.8",""
"M36/0473","CQ923050","12-Oct 1992 13:20pm","Total Coliforms","0","number/100mL"
"M36/0473","CQ910217","01-Oct 1991 13:25pm","Chloride","5.000","mg/L"
"M36/0473","CQ910217","01-Oct 1991 13:25pm","Conductivity","12.2","mS/m"
"M36/0473","CQ910217","01-Oct 1991 13:25pm","Faecal Coliforms","0","cfu/100mL"
"M36/0473","CQ910217","01-Oct 1991 13:25pm","Nitrate-N Nitrite-N","0.260","g/m3"
"M36/0473","CQ910217","01-Oct 1991 13:25pm","pH","7.2",""
"M36/0473","CQ910217","01-Oct 1991 13:25pm","Sulphate","<5.000","mg/L"
"M36/0473","CQ910217","01-Oct 1991 13:25pm","Total Coliforms","0","number/100mL"
"M36/0473","CQ904234","30-Oct 1990 13:20pm","Chloride","6.000","mg/L"
"M36/0473","CQ904234","30-Oct 1990 13:20pm","Conductivity","12.6","mS/m"
"M36/0473","CQ904234","30-Oct 1990 13:20pm","Faecal Coliforms","0","cfu/100mL"
"M36/0473","CQ904234","30-Oct 1990 13:20pm","Nitrate Nitrogen","0.300","mg/L"
"M36/0473","CQ904234","30-Oct 1990 13:20pm","pH","7.9",""
"M36/0473","CQ904234","30-Oct 1990 13:20pm","Sulphate","5.000","mg/L"
"M36/0473","CQ904234","30-Oct 1990 13:20pm","Total Coliforms","0","number/100mL"
"M36/0473","CQ904234","30-Oct 1990 13:20pm","Water Temperature (Field)","13.0","C"
"M36/0473","NCY891288","04-Oct 1989 13:15pm","Chloride","5.000","mg/L"
"M36/0473","NCY891288","04-Oct 1989 13:15pm","Conductivity","12.2","mS/m"
"M36/0473","NCY891288","04-Oct 1989 13:15pm","Faecal Coliforms","0","cfu/100mL"
"M36/0473","NCY891288","04-Oct 1989 13:15pm","Nitrate Nitrogen","0.315","mg/L"
"M36/0473","NCY891288","04-Oct 1989 13:15pm","pH","7.8",""
"M36/0473","NCY891288","04-Oct 1989 13:15pm","Sulphate","0.000","mg/L"
"M36/0473","NCY891288","04-Oct 1989 13:15pm","Total Coliforms","0","number/100mL"
"M36/0473","NCY891288","04-Oct 1989 13:15pm","Water Temperature (Field)","12.0","C"
"M36/0473","NCY881201","08-Nov 1988 13:45pm","Chloride","6.000","mg/L"
"M36/0473","NCY881201","08-Nov 1988 13:45pm","Conductivity","12.3","mS/m"
"M36/0473","NCY881201","08-Nov 1988 13:45pm","Faecal Coliforms","0","cfu/100mL"
"M36/0473","NCY881201","08-Nov 1988 13:45pm","Nitrate Nitrogen","0.300","mg/L"
"M36/0473","NCY881201","08-Nov 1988 13:45pm","pH","7.5",""
"M36/0473","NCY881201","08-Nov 1988 13:45pm","Sulphate","0.000","mg/L"
"M36/0473","NCY881201","08-Nov 1988 13:45pm","Total Coliforms","0","number/100mL"
"M36/0473","NCY881201","08-Nov 1988 13:45pm","Water Temperature (Field)","14.0","C"
"M36/0473","NCY871119","24-Nov 1987 13:15pm","Chloride","6.000","mg/L"
"M36/0473","NCY871119","24-Nov 1987 13:15pm","Conductivity","12.1","mS/m"
"M36/0473","NCY871119","24-Nov 1987 13:15pm","Faecal Coliforms","0","cfu/100mL"
"M36/0473","NCY871119","24-Nov 1987 13:15pm","Nitrate Nitrogen","0.300","mg/L"
"M36/0473","NCY871119","24-Nov 1987 13:15pm","pH","7.3",""
"M36/0473","NCY871119","24-Nov 1987 13:15pm","Sulphate","0.000","mg/L"
"M36/0473","NCY871119","24-Nov 1987 13:15pm","Total Coliforms","0","number/100mL"
"M36/0473","NCY871119","24-Nov 1987 13:15pm","Water Temperature (Field)","13.5","C"
"M36/0473","NCY861575","27-Nov 1986 11:20am","Chloride","5.500","mg/L"
"M36/0473","NCY861575","27-Nov 1986 11:20am","Conductivity","12.7","mS/m"
"M36/0473","NCY861575","27-Nov 1986 11:20am","Faecal Coliforms","0","cfu/100mL"
"M36/0473","NCY861575","27-Nov 1986 11:20am","Nitrate Nitrogen","0.300","mg/L"
"M36/0473","NCY861575","27-Nov 1986 11:20am","pH","7.5",""
"M36/0473","NCY861575","27-Nov 1986 11:20am","Sulphate","0.000","mg/L"
"M36/0473","NCY861575","27-Nov 1986 11:20am","Total Coliforms","0","number/100mL"
"M36/0473","NCY861575","27-Nov 1986 11:20am","Water Temperature (Field)","13.0","C"
"M36/0473","NCY820523","11-Aug 1982 00:00am","Chloride","6.500","mg/L"
"M36/0473","NCY820523","11-Aug 1982 00:00am","Conductivity","10.0","mS/m"
"M36/0473","NCY820523","11-Aug 1982 00:00am","Faecal Coliforms","0","cfu/100mL"
"M36/0473","NCY820523","11-Aug 1982 00:00am","Free Carbon Dioxide","2.000","g/m3 at 25°;C"
"M36/0473","NCY820523","11-Aug 1982 00:00am","Iron, Dissolved","0.000","mg/L"
"M36/0473","NCY820523","11-Aug 1982 00:00am","Manganese, Dissolved","0.0000","mg/L"
"M36/0473","NCY820523","11-Aug 1982 00:00am","Nitrate Nitrogen","0.300","mg/L"
"M36/0473","NCY820523","11-Aug 1982 00:00am","pH","7.7",""
"M36/0473","NCY820523","11-Aug 1982 00:00am","Sulphate","1.900","mg/L"
"M36/0473","NCY820523","11-Aug 1982 00:00am","Total Coliforms","0","number/100mL"
"M36/0473","NCY820523","11-Aug 1982 00:00am","Water Temperature (Field)","12.0","C"
"M36/0473","NCY790386","22-May 1979 00:00am","Chloride","5.500","mg/L"
"M36/0473","NCY790386","22-May 1979 00:00am","Conductivity","12.0","mS/m"
"M36/0473","NCY790386","22-May 1979 00:00am","Nitrate Nitrogen","0.300","mg/L"
"M36/0473","NCY790386","22-May 1979 00:00am","Water Temperature (Field)","10.0","C"
"M36/0473","NCY780572","28-Nov 1978 00:00am","Chloride","6.000","mg/L"
"M36/0473","NCY780572","28-Nov 1978 00:00am","Conductivity","12.2","mS/m"
"M36/0473","NCY780572","28-Nov 1978 00:00am","Nitrate Nitrogen","0.300","mg/L"
"M36/0473","NCY780572","28-Nov 1978 00:00am","Water Temperature (Field)","12.0","C"