Site ID,L35/0558
Site Name,L35/0558
Site ID,SampleID,Collection Date,Measurement,Value,Units
"L35/0558","20235758","03-Oct 2023 10:15am","Alkalinity, Total","55.0","g/m3 as CaCO3"
"L35/0558","20235758","03-Oct 2023 10:15am","Aluminium, Dissolved","<0.003","mg/L"
"L35/0558","20235758","03-Oct 2023 10:15am","Ammoniacal Nitrogen","<0.010","mg/L"
"L35/0558","20235758","03-Oct 2023 10:15am","Bicarbonate","66.000","mg/L  at 25°C"
"L35/0558","20235758","03-Oct 2023 10:15am","Calcium, Dissolved","14.400","mg/L"
"L35/0558","20235758","03-Oct 2023 10:15am","Chloride","3.800","mg/L"
"L35/0558","20235758","03-Oct 2023 10:15am","Conductivity","14.5","mS/m"
"L35/0558","20235758","03-Oct 2023 10:15am","Conductivity (Field)","14.14","mS/m"
"L35/0558","20235758","03-Oct 2023 10:15am","Difference in Ion Balance","3.000","%"
"L35/0558","20235758","03-Oct 2023 10:15am","Dissolved Oxygen","3.670","mg/L"
"L35/0558","20235758","03-Oct 2023 10:15am","Dissolved Oxygen Saturation","34.500","%"
"L35/0558","20235758","03-Oct 2023 10:15am","Dissolved Reactive Phosphorus","0.0012","mg/L"
"L35/0558","20235758","03-Oct 2023 10:15am","E. coli","<1","MPN/100mL"
"L35/0558","20235758","03-Oct 2023 10:15am","Hardness, Total","57.000","g/m3 as CaCO3"
"L35/0558","20235758","03-Oct 2023 10:15am","Iron, Dissolved","0.320","mg/L"
"L35/0558","20235758","03-Oct 2023 10:15am","Magnesium, Dissolved","5.300","mg/L"
"L35/0558","20235758","03-Oct 2023 10:15am","Manganese, Dissolved","0.0179","mg/L"
"L35/0558","20235758","03-Oct 2023 10:15am","Nitrate Nitrogen","2.000","mg/L"
"L35/0558","20235758","03-Oct 2023 10:15am","Nitrate-N Nitrite-N","2.000","g/m3"
"L35/0558","20235758","03-Oct 2023 10:15am","Nitrite Nitrogen","0.003","mg/L"
"L35/0558","20235758","03-Oct 2023 10:15am","Oxidation Reduction Potential","101.300","mV"
"L35/0558","20235758","03-Oct 2023 10:15am","pH","7.0",""
"L35/0558","20235758","03-Oct 2023 10:15am","pH (Field)","6.11",""
"L35/0558","20235758","03-Oct 2023 10:15am","Potassium, Dissolved","0.980","mg/L"
"L35/0558","20235758","03-Oct 2023 10:15am","Silica, Reactive","15.200","mg/L  as SiO2"
"L35/0558","20235758","03-Oct 2023 10:15am","Sodium, Dissolved","7.500","mg/L"
"L35/0558","20235758","03-Oct 2023 10:15am","Sulphate","3.800","mg/L"
"L35/0558","20235758","03-Oct 2023 10:15am","Sum of anions","1.420","meq/L"
"L35/0558","20235758","03-Oct 2023 10:15am","Sum of cations","1.510","meq/L"
"L35/0558","20235758","03-Oct 2023 10:15am","Total Coliforms","<1.00","number/100mL"
"L35/0558","20235758","03-Oct 2023 10:15am","Total Dissolved Phosphorus","0.003","mg/L"
"L35/0558","20235758","03-Oct 2023 10:15am","Water Temperature (Field)","11.5","C"
"L35/0558","20225715","12-Oct 2022 10:30am","Alkalinity, Total","50.0","g/m3 as CaCO3"
"L35/0558","20225715","12-Oct 2022 10:30am","Ammoniacal Nitrogen","0.027","mg/L"
"L35/0558","20225715","12-Oct 2022 10:30am","Arsenic, Dissolved","<0.0010","mg/L"
"L35/0558","20225715","12-Oct 2022 10:30am","Bicarbonate","61.000","mg/L  at 25°C"
"L35/0558","20225715","12-Oct 2022 10:30am","Calcium, Dissolved","12.700","mg/L"
"L35/0558","20225715","12-Oct 2022 10:30am","Chloride","4.100","mg/L"
"L35/0558","20225715","12-Oct 2022 10:30am","Conductivity","14.3","mS/m"
"L35/0558","20225715","12-Oct 2022 10:30am","Conductivity (Field)","13.77","mS/m"
"L35/0558","20225715","12-Oct 2022 10:30am","Difference in Ion Balance","0.260","%"
"L35/0558","20225715","12-Oct 2022 10:30am","Dissolved Oxygen","4.380","mg/L"
"L35/0558","20225715","12-Oct 2022 10:30am","Dissolved Oxygen Saturation","40.800","%"
"L35/0558","20225715","12-Oct 2022 10:30am","Dissolved Reactive Phosphorus","0.0010","mg/L"
"L35/0558","20225715","12-Oct 2022 10:30am","E. coli","3","MPN/100mL"
"L35/0558","20225715","12-Oct 2022 10:30am","Hardness, Total","50.000","g/m3 as CaCO3"
"L35/0558","20225715","12-Oct 2022 10:30am","Iron, Dissolved","0.860","mg/L"
"L35/0558","20225715","12-Oct 2022 10:30am","Magnesium, Dissolved","4.400","mg/L"
"L35/0558","20225715","12-Oct 2022 10:30am","Manganese, Dissolved","0.0380","mg/L"
"L35/0558","20225715","12-Oct 2022 10:30am","Nitrate Nitrogen","2.200","mg/L"
"L35/0558","20225715","12-Oct 2022 10:30am","Nitrate-N Nitrite-N","2.200","g/m3"
"L35/0558","20225715","12-Oct 2022 10:30am","Nitrite Nitrogen","0.002","mg/L"
"L35/0558","20225715","12-Oct 2022 10:30am","Oxidation Reduction Potential","71.800","mV"
"L35/0558","20225715","12-Oct 2022 10:30am","pH","7.3",""
"L35/0558","20225715","12-Oct 2022 10:30am","pH (Field)","6.21",""
"L35/0558","20225715","12-Oct 2022 10:30am","Potassium, Dissolved","0.970","mg/L"
"L35/0558","20225715","12-Oct 2022 10:30am","Silica, Reactive","13.100","mg/L  as SiO2"
"L35/0558","20225715","12-Oct 2022 10:30am","Sodium, Dissolved","6.800","mg/L"
"L35/0558","20225715","12-Oct 2022 10:30am","Sulphate","3.500","mg/L"
"L35/0558","20225715","12-Oct 2022 10:30am","Sum of anions","1.350","meq/L"
"L35/0558","20225715","12-Oct 2022 10:30am","Sum of cations","1.350","meq/L"
"L35/0558","20225715","12-Oct 2022 10:30am","Total Coliforms","51.0","number/100mL"
"L35/0558","20225715","12-Oct 2022 10:30am","Total Dissolved Phosphorus","0.002","mg/L"
"L35/0558","20225715","12-Oct 2022 10:30am","Water Temperature (Field)","11.4","C"
"L35/0558","20216651","04-Nov 2021 08:45am","Alkalinity, Total","48.0","g/m3 as CaCO3"
"L35/0558","20216651","04-Nov 2021 08:45am","Ammoniacal Nitrogen","0.010","mg/L"
"L35/0558","20216651","04-Nov 2021 08:45am","Bicarbonate","58.000","mg/L  at 25°C"
"L35/0558","20216651","04-Nov 2021 08:45am","Calcium, Dissolved","13.100","mg/L"
"L35/0558","20216651","04-Nov 2021 08:45am","Chloride","4.800","mg/L"
"L35/0558","20216651","04-Nov 2021 08:45am","Conductivity","14.3","mS/m"
"L35/0558","20216651","04-Nov 2021 08:45am","Conductivity (Field)","12.24","mS/m"
"L35/0558","20216651","04-Nov 2021 08:45am","Difference in Ion Balance","0.470","%"
"L35/0558","20216651","04-Nov 2021 08:45am","Dissolved Oxygen","4.730","mg/L"
"L35/0558","20216651","04-Nov 2021 08:45am","Dissolved Oxygen Saturation","44.900","%"
"L35/0558","20216651","04-Nov 2021 08:45am","Dissolved Reactive Phosphorus","<0.0010","mg/L"
"L35/0558","20216651","04-Nov 2021 08:45am","E. coli","<1","MPN/100mL"
"L35/0558","20216651","04-Nov 2021 08:45am","Fluoride","0.120","g/m3"
"L35/0558","20216651","04-Nov 2021 08:45am","Hardness, Total","51.000","g/m3 as CaCO3"
"L35/0558","20216651","04-Nov 2021 08:45am","Iron, Dissolved","0.350","mg/L"
"L35/0558","20216651","04-Nov 2021 08:45am","Magnesium, Dissolved","4.600","mg/L"
"L35/0558","20216651","04-Nov 2021 08:45am","Manganese, Dissolved","0.0132","mg/L"
"L35/0558","20216651","04-Nov 2021 08:45am","Nitrate Nitrogen","2.600","mg/L"
"L35/0558","20216651","04-Nov 2021 08:45am","Nitrate-N Nitrite-N","2.600","g/m3"
"L35/0558","20216651","04-Nov 2021 08:45am","Nitrite Nitrogen","<0.002","mg/L"
"L35/0558","20216651","04-Nov 2021 08:45am","Oxidation Reduction Potential","224.200","mV"
"L35/0558","20216651","04-Nov 2021 08:45am","pH","7.1",""
"L35/0558","20216651","04-Nov 2021 08:45am","pH (Field)","6.35",""
"L35/0558","20216651","04-Nov 2021 08:45am","Potassium, Dissolved","0.990","mg/L"
"L35/0558","20216651","04-Nov 2021 08:45am","Silica, Reactive","14.400","mg/L  as SiO2"
"L35/0558","20216651","04-Nov 2021 08:45am","Sodium, Dissolved","6.800","mg/L"
"L35/0558","20216651","04-Nov 2021 08:45am","Sulphate","4.400","mg/L"
"L35/0558","20216651","04-Nov 2021 08:45am","Sum of anions","1.380","meq/L"
"L35/0558","20216651","04-Nov 2021 08:45am","Sum of cations","1.360","meq/L"
"L35/0558","20216651","04-Nov 2021 08:45am","Total Coliforms","18.0","number/100mL"
"L35/0558","20216651","04-Nov 2021 08:45am","Total Dissolved Phosphorus","<0.002","mg/L"
"L35/0558","20216651","04-Nov 2021 08:45am","Water Temperature (Field)","11.9","C"
"L35/0558","20205457","14-Oct 2020 23:15pm","Alkalinity, Total","56.0","g/m3 as CaCO3"
"L35/0558","20205457","14-Oct 2020 23:15pm","Ammoniacal Nitrogen","<0.010","mg/L"
"L35/0558","20205457","14-Oct 2020 23:15pm","Bicarbonate","69.000","mg/L  at 25°C"
"L35/0558","20205457","14-Oct 2020 23:15pm","Boron, Dissolved","0.027","mg/L"
"L35/0558","20205457","14-Oct 2020 23:15pm","Bromide","0.018","g/m3"
"L35/0558","20205457","14-Oct 2020 23:15pm","Calcium, Dissolved","14.800","mg/L"
"L35/0558","20205457","14-Oct 2020 23:15pm","Chloride","3.900","mg/L"
"L35/0558","20205457","14-Oct 2020 23:15pm","Conductivity","15.0","mS/m"
"L35/0558","20205457","14-Oct 2020 23:15pm","Conductivity (Field)","13.01","mS/m"
"L35/0558","20205457","14-Oct 2020 23:15pm","Copper, Dissolved","0.0011","mg/L"
"L35/0558","20205457","14-Oct 2020 23:15pm","Difference in Ion Balance","2.200","%"
"L35/0558","20205457","14-Oct 2020 23:15pm","Dissolved Oxygen","4.150","mg/L"
"L35/0558","20205457","14-Oct 2020 23:15pm","Dissolved Oxygen Saturation","39.000","%"
"L35/0558","20205457","14-Oct 2020 23:15pm","Dissolved Reactive Phosphorus","0.0024","mg/L"
"L35/0558","20205457","14-Oct 2020 23:15pm","E. coli","<1","MPN/100mL"
"L35/0558","20205457","14-Oct 2020 23:15pm","Hardness, Total","59.000","g/m3 as CaCO3"
"L35/0558","20205457","14-Oct 2020 23:15pm","Iron, Dissolved","0.090","mg/L"
"L35/0558","20205457","14-Oct 2020 23:15pm","Magnesium, Dissolved","5.200","mg/L"
"L35/0558","20205457","14-Oct 2020 23:15pm","Manganese, Dissolved","0.0046","mg/L"
"L35/0558","20205457","14-Oct 2020 23:15pm","Nitrate Nitrogen","1.960","mg/L"
"L35/0558","20205457","14-Oct 2020 23:15pm","Oxidation Reduction Potential","156.300","mV"
"L35/0558","20205457","14-Oct 2020 23:15pm","pH","7.6",""
"L35/0558","20205457","14-Oct 2020 23:15pm","pH (Field)","6.43",""
"L35/0558","20205457","14-Oct 2020 23:15pm","Potassium, Dissolved","0.930","mg/L"
"L35/0558","20205457","14-Oct 2020 23:15pm","Silica, Reactive","15.300","mg/L  as SiO2"
"L35/0558","20205457","14-Oct 2020 23:15pm","Sodium, Dissolved","7.600","mg/L"
"L35/0558","20205457","14-Oct 2020 23:15pm","Sulphate","4.100","mg/L"
"L35/0558","20205457","14-Oct 2020 23:15pm","Sum of anions","1.460","meq/L"
"L35/0558","20205457","14-Oct 2020 23:15pm","Sum of cations","1.530","meq/L"
"L35/0558","20205457","14-Oct 2020 23:15pm","Total Coliforms","<1.00","number/100mL"
"L35/0558","20205457","14-Oct 2020 23:15pm","Water Temperature (Field)","11.3","C"
"L35/0558","20205457","14-Oct 2020 23:15pm","Zinc, Dissolved","0.015","mg/L"
"L35/0558","20195980","08-Oct 2019 10:00am","Alkalinity, Total","55.0","g/m3 as CaCO3"
"L35/0558","20195980","08-Oct 2019 10:00am","Ammoniacal Nitrogen","0.023","mg/L"
"L35/0558","20195980","08-Oct 2019 10:00am","Bicarbonate","67.000","mg/L  at 25°C"
"L35/0558","20195980","08-Oct 2019 10:00am","Boron, Dissolved","0.025","mg/L"
"L35/0558","20195980","08-Oct 2019 10:00am","Bromide","0.018","g/m3"
"L35/0558","20195980","08-Oct 2019 10:00am","Calcium, Dissolved","14.700","mg/L"
"L35/0558","20195980","08-Oct 2019 10:00am","Chloride","4.100","mg/L"
"L35/0558","20195980","08-Oct 2019 10:00am","Conductivity","14.3","mS/m"
"L35/0558","20195980","08-Oct 2019 10:00am","Conductivity (Field)","13.88","mS/m"
"L35/0558","20195980","08-Oct 2019 10:00am","Copper, Dissolved","<0.0005","mg/L"
"L35/0558","20195980","08-Oct 2019 10:00am","Difference in Ion Balance","0.950","%"
"L35/0558","20195980","08-Oct 2019 10:00am","Dissolved Oxygen","4.130","mg/L"
"L35/0558","20195980","08-Oct 2019 10:00am","Dissolved Oxygen Saturation","39.700","%"
"L35/0558","20195980","08-Oct 2019 10:00am","Dissolved Reactive Phosphorus","0.0030","mg/L"
"L35/0558","20195980","08-Oct 2019 10:00am","E. coli","<1","MPN/100mL"
"L35/0558","20195980","08-Oct 2019 10:00am","Hardness, Total","57.000","g/m3 as CaCO3"
"L35/0558","20195980","08-Oct 2019 10:00am","Iron, Dissolved","0.800","mg/L"
"L35/0558","20195980","08-Oct 2019 10:00am","Magnesium, Dissolved","4.800","mg/L"
"L35/0558","20195980","08-Oct 2019 10:00am","Manganese, Dissolved","0.0470","mg/L"
"L35/0558","20195980","08-Oct 2019 10:00am","Nitrate Nitrogen","2.200","mg/L"
"L35/0558","20195980","08-Oct 2019 10:00am","Oxidation Reduction Potential","119.200","mV"
"L35/0558","20195980","08-Oct 2019 10:00am","pH","7.1",""
"L35/0558","20195980","08-Oct 2019 10:00am","pH (Field)","6.34",""
"L35/0558","20195980","08-Oct 2019 10:00am","Potassium, Dissolved","1.000","mg/L"
"L35/0558","20195980","08-Oct 2019 10:00am","Silica, Reactive","14.100","mg/L  as SiO2"
"L35/0558","20195980","08-Oct 2019 10:00am","Sodium, Dissolved","6.900","mg/L"
"L35/0558","20195980","08-Oct 2019 10:00am","Sulphate","4.200","mg/L"
"L35/0558","20195980","08-Oct 2019 10:00am","Sum of anions","1.460","meq/L"
"L35/0558","20195980","08-Oct 2019 10:00am","Sum of cations","1.490","meq/L"
"L35/0558","20195980","08-Oct 2019 10:00am","Total Coliforms","<1.00","number/100mL"
"L35/0558","20195980","08-Oct 2019 10:00am","Water Temperature (Field)","11.5","C"
"L35/0558","20195980","08-Oct 2019 10:00am","Zinc, Dissolved","0.010","mg/L"
"L35/0558","20187767","13-Dec 2018 13:30pm","Alkalinity, Total","55.0","g/m3 as CaCO3"
"L35/0558","20187767","13-Dec 2018 13:30pm","Ammoniacal Nitrogen","0.043","mg/L"
"L35/0558","20187767","13-Dec 2018 13:30pm","Bicarbonate","67.000","mg/L  at 25°C"
"L35/0558","20187767","13-Dec 2018 13:30pm","Boron, Dissolved","0.027","mg/L"
"L35/0558","20187767","13-Dec 2018 13:30pm","Bromide","0.017","g/m3"
"L35/0558","20187767","13-Dec 2018 13:30pm","Calcium, Dissolved","14.400","mg/L"
"L35/0558","20187767","13-Dec 2018 13:30pm","Chloride","4.400","mg/L"
"L35/0558","20187767","13-Dec 2018 13:30pm","Conductivity","14.2","mS/m"
"L35/0558","20187767","13-Dec 2018 13:30pm","Conductivity (Field)","14.18","mS/m"
"L35/0558","20187767","13-Dec 2018 13:30pm","Difference in Ion Balance","1.640","%"
"L35/0558","20187767","13-Dec 2018 13:30pm","Dissolved Oxygen","8.950","mg/L"
"L35/0558","20187767","13-Dec 2018 13:30pm","Dissolved Oxygen Saturation","85.700","%"
"L35/0558","20187767","13-Dec 2018 13:30pm","Dissolved Reactive Phosphorus","0.0041","mg/L"
"L35/0558","20187767","13-Dec 2018 13:30pm","E. coli","7","MPN/100mL"
"L35/0558","20187767","13-Dec 2018 13:30pm","Hardness, Total","57.000","g/m3 as CaCO3"
"L35/0558","20187767","13-Dec 2018 13:30pm","Iron, Dissolved","0.120","mg/L"
"L35/0558","20187767","13-Dec 2018 13:30pm","Magnesium, Dissolved","5.100","mg/L"
"L35/0558","20187767","13-Dec 2018 13:30pm","Manganese, Dissolved","0.0540","mg/L"
"L35/0558","20187767","13-Dec 2018 13:30pm","Nitrate Nitrogen","2.200","mg/L"
"L35/0558","20187767","13-Dec 2018 13:30pm","Oxidation Reduction Potential","158.600","mV"
"L35/0558","20187767","13-Dec 2018 13:30pm","pH","7.0",""
"L35/0558","20187767","13-Dec 2018 13:30pm","pH (Field)","6.62",""
"L35/0558","20187767","13-Dec 2018 13:30pm","Potassium, Dissolved","1.050","mg/L"
"L35/0558","20187767","13-Dec 2018 13:30pm","Silica, Reactive","14.200","mg/L  as SiO2"
"L35/0558","20187767","13-Dec 2018 13:30pm","Sodium, Dissolved","7.600","mg/L"
"L35/0558","20187767","13-Dec 2018 13:30pm","Sulphate","4.200","mg/L"
"L35/0558","20187767","13-Dec 2018 13:30pm","Sum of anions","1.460","meq/L"
"L35/0558","20187767","13-Dec 2018 13:30pm","Sum of cations","1.510","meq/L"
"L35/0558","20187767","13-Dec 2018 13:30pm","Total Coliforms","435","number/100mL"
"L35/0558","20187767","13-Dec 2018 13:30pm","Water Temperature (Field)","12.0","C"
"L35/0558","186249208","18-Oct 2017 14:45pm","Alkalinity, Total","51.0","g/m3 as CaCO3"
"L35/0558","186249208","18-Oct 2017 14:45pm","Ammoniacal Nitrogen","0.030","mg/L"
"L35/0558","186249208","18-Oct 2017 14:45pm","Bicarbonate","62.000","mg/L  at 25°C"
"L35/0558","186249208","18-Oct 2017 14:45pm","Boron, Dissolved","0.022","mg/L"
"L35/0558","186249208","18-Oct 2017 14:45pm","Bromide","<0.050","g/m3"
"L35/0558","186249208","18-Oct 2017 14:45pm","Calcium, Dissolved","14.000","mg/L"
"L35/0558","186249208","18-Oct 2017 14:45pm","Chloride","4.600","mg/L"
"L35/0558","186249208","18-Oct 2017 14:45pm","Conductivity","14.4","mS/m"
"L35/0558","186249208","18-Oct 2017 14:45pm","Conductivity (Field)","15.11","mS/m"
"L35/0558","186249208","18-Oct 2017 14:45pm","Difference in Ion Balance","0.670","%"
"L35/0558","186249208","18-Oct 2017 14:45pm","Dissolved Oxygen","6.100","mg/L"
"L35/0558","186249208","18-Oct 2017 14:45pm","Dissolved Oxygen Saturation","59.500","%"
"L35/0558","186249208","18-Oct 2017 14:45pm","Dissolved Reactive Phosphorus","0.0022","mg/L"
"L35/0558","186249208","18-Oct 2017 14:45pm","E. coli","<1","MPN/100mL"
"L35/0558","186249208","18-Oct 2017 14:45pm","Hardness, Total","54.000","g/m3 as CaCO3"
"L35/0558","186249208","18-Oct 2017 14:45pm","Iron, Dissolved","1.080","mg/L"
"L35/0558","186249208","18-Oct 2017 14:45pm","Magnesium, Dissolved","4.700","mg/L"
"L35/0558","186249208","18-Oct 2017 14:45pm","Manganese, Dissolved","0.0240","mg/L"
"L35/0558","186249208","18-Oct 2017 14:45pm","Nitrate Nitrogen","3.000","mg/L"
"L35/0558","186249208","18-Oct 2017 14:45pm","Oxidation Reduction Potential","90.700","mV"
"L35/0558","186249208","18-Oct 2017 14:45pm","pH","6.6",""
"L35/0558","186249208","18-Oct 2017 14:45pm","pH (Field)","6.38",""
"L35/0558","186249208","18-Oct 2017 14:45pm","Potassium, Dissolved","1.000","mg/L"
"L35/0558","186249208","18-Oct 2017 14:45pm","Silica, Reactive","14.600","mg/L  as SiO2"
"L35/0558","186249208","18-Oct 2017 14:45pm","Sodium, Dissolved","7.000","mg/L"
"L35/0558","186249208","18-Oct 2017 14:45pm","Sulphate","4.200","mg/L"
"L35/0558","186249208","18-Oct 2017 14:45pm","Sum of anions","1.440","meq/L"
"L35/0558","186249208","18-Oct 2017 14:45pm","Sum of cations","1.460","meq/L"
"L35/0558","186249208","18-Oct 2017 14:45pm","Total Coliforms","2.00","number/100mL"
"L35/0558","186249208","18-Oct 2017 14:45pm","Water Temperature (Field)","12.7","C"
"L35/0558","147718101","17-Sep 2015 11:00am","Alkalinity, Total","51.0","g/m3 as CaCO3"
"L35/0558","147718101","17-Sep 2015 11:00am","Ammoniacal Nitrogen","<0.010","mg/L"
"L35/0558","147718101","17-Sep 2015 11:00am","Bicarbonate","62.000","mg/L  at 25°C"
"L35/0558","147718101","17-Sep 2015 11:00am","Calcium, Dissolved","13.500","mg/L"
"L35/0558","147718101","17-Sep 2015 11:00am","Chloride","3.900","mg/L"
"L35/0558","147718101","17-Sep 2015 11:00am","Conductivity","13.9","mS/m"
"L35/0558","147718101","17-Sep 2015 11:00am","Conductivity (Field)","13.60","mS/m"
"L35/0558","147718101","17-Sep 2015 11:00am","Difference in Ion Balance","0.910","%"
"L35/0558","147718101","17-Sep 2015 11:00am","Dissolved Oxygen","5.810","mg/L"
"L35/0558","147718101","17-Sep 2015 11:00am","Dissolved Oxygen Saturation","53.800","%"
"L35/0558","147718101","17-Sep 2015 11:00am","Dissolved Reactive Phosphorus","<0.0010","mg/L"
"L35/0558","147718101","17-Sep 2015 11:00am","E. coli","<1","MPN/100mL"
"L35/0558","147718101","17-Sep 2015 11:00am","Hardness, Total","53.000","g/m3 as CaCO3"
"L35/0558","147718101","17-Sep 2015 11:00am","Iron, Dissolved","0.300","mg/L"
"L35/0558","147718101","17-Sep 2015 11:00am","Magnesium, Dissolved","4.700","mg/L"
"L35/0558","147718101","17-Sep 2015 11:00am","Manganese, Dissolved","0.0113","mg/L"
"L35/0558","147718101","17-Sep 2015 11:00am","Nitrate Nitrogen","2.400","mg/L"
"L35/0558","147718101","17-Sep 2015 11:00am","pH","7.1",""
"L35/0558","147718101","17-Sep 2015 11:00am","pH (Field)","5.72",""
"L35/0558","147718101","17-Sep 2015 11:00am","Potassium, Dissolved","0.990","mg/L"
"L35/0558","147718101","17-Sep 2015 11:00am","Silica, Reactive","14.600","mg/L  as SiO2"
"L35/0558","147718101","17-Sep 2015 11:00am","Sodium, Dissolved","7.500","mg/L"
"L35/0558","147718101","17-Sep 2015 11:00am","Sulphate","4.300","mg/L"
"L35/0558","147718101","17-Sep 2015 11:00am","Sum of anions","1.390","meq/L"
"L35/0558","147718101","17-Sep 2015 11:00am","Sum of cations","1.420","meq/L"
"L35/0558","147718101","17-Sep 2015 11:00am","Total Coliforms","<1.00","number/100mL"
"L35/0558","147718101","17-Sep 2015 11:00am","Water Temperature (Field)","11.8","C"
"L35/0558","133947402","15-Oct 2014 11:00am","Alkalinity, Total","52.0","g/m3 as CaCO3"
"L35/0558","133947402","15-Oct 2014 11:00am","Ammoniacal Nitrogen","<0.010","mg/L"
"L35/0558","133947402","15-Oct 2014 11:00am","Bicarbonate","63.000","mg/L  at 25°C"
"L35/0558","133947402","15-Oct 2014 11:00am","Calcium, Dissolved","13.100","mg/L"
"L35/0558","133947402","15-Oct 2014 11:00am","Chloride","3.800","mg/L"
"L35/0558","133947402","15-Oct 2014 11:00am","Conductivity","13.9","mS/m"
"L35/0558","133947402","15-Oct 2014 11:00am","Conductivity (Field)","13.50","mS/m"
"L35/0558","133947402","15-Oct 2014 11:00am","Difference in Ion Balance","1.210","%"
"L35/0558","133947402","15-Oct 2014 11:00am","Dissolved Oxygen","5.500","mg/L"
"L35/0558","133947402","15-Oct 2014 11:00am","Dissolved Oxygen Saturation","51.000","%"
"L35/0558","133947402","15-Oct 2014 11:00am","Dissolved Reactive Phosphorus","0.0012","mg/L"
"L35/0558","133947402","15-Oct 2014 11:00am","E. coli","<1","MPN/100mL"
"L35/0558","133947402","15-Oct 2014 11:00am","Hardness, Total","51.000","g/m3 as CaCO3"
"L35/0558","133947402","15-Oct 2014 11:00am","Iron, Dissolved","0.130","mg/L"
"L35/0558","133947402","15-Oct 2014 11:00am","Magnesium, Dissolved","4.500","mg/L"
"L35/0558","133947402","15-Oct 2014 11:00am","Manganese, Dissolved","0.0068","mg/L"
"L35/0558","133947402","15-Oct 2014 11:00am","Nitrate Nitrogen","2.300","mg/L"
"L35/0558","133947402","15-Oct 2014 11:00am","pH","7.1",""
"L35/0558","133947402","15-Oct 2014 11:00am","pH (Field)","6.20",""
"L35/0558","133947402","15-Oct 2014 11:00am","Potassium, Dissolved","0.870","mg/L"
"L35/0558","133947402","15-Oct 2014 11:00am","Silica, Reactive","14.000","mg/L  as SiO2"
"L35/0558","133947402","15-Oct 2014 11:00am","Sodium, Dissolved","7.100","mg/L"
"L35/0558","133947402","15-Oct 2014 11:00am","Sulphate","4.200","mg/L"
"L35/0558","133947402","15-Oct 2014 11:00am","Sum of anions","1.400","meq/L"
"L35/0558","133947402","15-Oct 2014 11:00am","Sum of cations","1.360","meq/L"
"L35/0558","133947402","15-Oct 2014 11:00am","Total Coliforms","5.00","number/100mL"
"L35/0558","133947402","15-Oct 2014 11:00am","Total Dissolved Phosphorus","<0.004","mg/L"
"L35/0558","133947402","15-Oct 2014 11:00am","Total Dissolved Phosphorus Digestion","*",""
"L35/0558","133947402","15-Oct 2014 11:00am","Water Temperature (Field)","12.0","C"
"L35/0558","119275703","16-Oct 2013 11:00am","Alkalinity, Total","51.0","g/m3 as CaCO3"
"L35/0558","119275703","16-Oct 2013 11:00am","Ammoniacal Nitrogen","<0.010","mg/L"
"L35/0558","119275703","16-Oct 2013 11:00am","Bicarbonate","62.000","mg/L  at 25°C"
"L35/0558","119275703","16-Oct 2013 11:00am","Calcium, Dissolved","13.500","mg/L"
"L35/0558","119275703","16-Oct 2013 11:00am","Chloride","4.000","mg/L"
"L35/0558","119275703","16-Oct 2013 11:00am","Conductivity","14.4","mS/m"
"L35/0558","119275703","16-Oct 2013 11:00am","Conductivity (Field)","13.80","mS/m"
"L35/0558","119275703","16-Oct 2013 11:00am","Difference in Ion Balance","<0.100","%"
"L35/0558","119275703","16-Oct 2013 11:00am","Dissolved Oxygen","5.300","mg/L"
"L35/0558","119275703","16-Oct 2013 11:00am","Dissolved Oxygen Saturation","48.500","%"
"L35/0558","119275703","16-Oct 2013 11:00am","E. coli","<1","MPN/100mL"
"L35/0558","119275703","16-Oct 2013 11:00am","Hardness, Total","53.000","g/m3 as CaCO3"
"L35/0558","119275703","16-Oct 2013 11:00am","Iron, Dissolved","0.600","mg/L"
"L35/0558","119275703","16-Oct 2013 11:00am","Magnesium, Dissolved","4.800","mg/L"
"L35/0558","119275703","16-Oct 2013 11:00am","Manganese, Dissolved","0.0340","mg/L"
"L35/0558","119275703","16-Oct 2013 11:00am","Nitrate Nitrogen","2.800","mg/L"
"L35/0558","119275703","16-Oct 2013 11:00am","pH","7.0",""
"L35/0558","119275703","16-Oct 2013 11:00am","pH (Field)","6.30",""
"L35/0558","119275703","16-Oct 2013 11:00am","Potassium, Dissolved","0.980","mg/L"
"L35/0558","119275703","16-Oct 2013 11:00am","Silica, Reactive","14.300","mg/L  as SiO2"
"L35/0558","119275703","16-Oct 2013 11:00am","Sodium, Dissolved","6.900","mg/L"
"L35/0558","119275703","16-Oct 2013 11:00am","Sulphate","4.500","mg/L"
"L35/0558","119275703","16-Oct 2013 11:00am","Sum of anions","1.420","meq/L"
"L35/0558","119275703","16-Oct 2013 11:00am","Sum of cations","1.420","meq/L"
"L35/0558","119275703","16-Oct 2013 11:00am","Total Coliforms","<1.00","number/100mL"
"L35/0558","119275703","16-Oct 2013 11:00am","Water Temperature (Field)","11.6","C"
"L35/0558","1204445","12-Nov 2012 12:45pm","Alkalinity to pH 4.5 as HCO3","65.000","mg/L  as HCO3"
"L35/0558","1204445","12-Nov 2012 12:45pm","Ammoniacal Nitrogen","0.005","mg/L"
"L35/0558","1204445","12-Nov 2012 12:45pm","Boron, Dissolved","0.024","mg/L"
"L35/0558","1204445","12-Nov 2012 12:45pm","Cadmium, Dissolved","<0.00005","mg/L"
"L35/0558","1204445","12-Nov 2012 12:45pm","Calcium, Dissolved","13.770","mg/L"
"L35/0558","1204445","12-Nov 2012 12:45pm","Chloride","4.500","mg/L"
"L35/0558","1204445","12-Nov 2012 12:45pm","Conductivity","13.0","mS/m"
"L35/0558","1204445","12-Nov 2012 12:45pm","Conductivity (Field)","14.40","mS/m"
"L35/0558","1204445","12-Nov 2012 12:45pm","Difference in Ion Balance","-3.200","%"
"L35/0558","1204445","12-Nov 2012 12:45pm","Dissolved Oxygen","5.000","mg/L"
"L35/0558","1204445","12-Nov 2012 12:45pm","Dissolved Oxygen Saturation","48.000","%"
"L35/0558","1204445","12-Nov 2012 12:45pm","E. coli","<1","MPN/100mL"
"L35/0558","1204445","12-Nov 2012 12:45pm","Hardness, Total","54.000","g/m3 as CaCO3"
"L35/0558","1204445","12-Nov 2012 12:45pm","Iron, Dissolved","0.102","mg/L"
"L35/0558","1204445","12-Nov 2012 12:45pm","Magnesium, Dissolved","4.670","mg/L"
"L35/0558","1204445","12-Nov 2012 12:45pm","Manganese, Dissolved","0.0099","mg/L"
"L35/0558","1204445","12-Nov 2012 12:45pm","Nitrate Nitrogen","3.000","mg/L"
"L35/0558","1204445","12-Nov 2012 12:45pm","pH","7.0",""
"L35/0558","1204445","12-Nov 2012 12:45pm","pH (Field)","6.20",""
"L35/0558","1204445","12-Nov 2012 12:45pm","Potassium, Dissolved","1.005","mg/L"
"L35/0558","1204445","12-Nov 2012 12:45pm","Silica, Reactive","14.000","mg/L  as SiO2"
"L35/0558","1204445","12-Nov 2012 12:45pm","Sodium, Dissolved","7.160","mg/L"
"L35/0558","1204445","12-Nov 2012 12:45pm","Sulphate","4.600","mg/L"
"L35/0558","1204445","12-Nov 2012 12:45pm","Sum of anions","1.502","meq/L"
"L35/0558","1204445","12-Nov 2012 12:45pm","Sum of cations","1.409","meq/L"
"L35/0558","1204445","12-Nov 2012 12:45pm","Total Coliforms","<1.00","number/100mL"
"L35/0558","1204445","12-Nov 2012 12:45pm","Water Temperature (Field)","11.3","C"
"L35/0558","1105310","26-Sep 2011 10:00am","Alkalinity to pH 4.5 as HCO3","65.000","mg/L  as HCO3"
"L35/0558","1105310","26-Sep 2011 10:00am","Ammoniacal Nitrogen","0.008","mg/L"
"L35/0558","1105310","26-Sep 2011 10:00am","Calcium, Dissolved","13.300","mg/L"
"L35/0558","1105310","26-Sep 2011 10:00am","Chloride","4.400","mg/L"
"L35/0558","1105310","26-Sep 2011 10:00am","Conductivity","13.0","mS/m"
"L35/0558","1105310","26-Sep 2011 10:00am","Conductivity (Field)","14.00","mS/m"
"L35/0558","1105310","26-Sep 2011 10:00am","Difference in Ion Balance","-3.400","%"
"L35/0558","1105310","26-Sep 2011 10:00am","Dissolved Oxygen","10.050","mg/L"
"L35/0558","1105310","26-Sep 2011 10:00am","Dissolved Oxygen Saturation","91.600","%"
"L35/0558","1105310","26-Sep 2011 10:00am","E. coli","<1","MPN/100mL"
"L35/0558","1105310","26-Sep 2011 10:00am","Hardness, Total","53.000","g/m3 as CaCO3"
"L35/0558","1105310","26-Sep 2011 10:00am","Iron, Dissolved","0.030","mg/L"
"L35/0558","1105310","26-Sep 2011 10:00am","Magnesium, Dissolved","4.900","mg/L"
"L35/0558","1105310","26-Sep 2011 10:00am","Manganese, Dissolved","0.0029","mg/L"
"L35/0558","1105310","26-Sep 2011 10:00am","Nitrate Nitrogen","2.300","mg/L"
"L35/0558","1105310","26-Sep 2011 10:00am","pH","7.4",""
"L35/0558","1105310","26-Sep 2011 10:00am","pH (Field)","6.40",""
"L35/0558","1105310","26-Sep 2011 10:00am","Potassium, Dissolved","0.800","mg/L"
"L35/0558","1105310","26-Sep 2011 10:00am","Silica, Reactive","30.000","mg/L  as SiO2"
"L35/0558","1105310","26-Sep 2011 10:00am","Sodium, Dissolved","6.600","mg/L"
"L35/0558","1105310","26-Sep 2011 10:00am","Sulphate","5.600","mg/L"
"L35/0558","1105310","26-Sep 2011 10:00am","Sum of anions","1.471","meq/L"
"L35/0558","1105310","26-Sep 2011 10:00am","Sum of cations","1.373","meq/L"
"L35/0558","1105310","26-Sep 2011 10:00am","Total Coliforms","<1.00","number/100mL"
"L35/0558","1105310","26-Sep 2011 10:00am","Water Temperature (Field)","11.1","C"
"L35/0558","1005458","18-Oct 2010 11:00am","Alkalinity to pH 4.5 as HCO3","57.000","mg/L  as HCO3"
"L35/0558","1005458","18-Oct 2010 11:00am","Ammoniacal Nitrogen","0.023","mg/L"
"L35/0558","1005458","18-Oct 2010 11:00am","Calcium, Dissolved","14.000","mg/L"
"L35/0558","1005458","18-Oct 2010 11:00am","Chloride","5.300","mg/L"
"L35/0558","1005458","18-Oct 2010 11:00am","Conductivity","14.0","mS/m"
"L35/0558","1005458","18-Oct 2010 11:00am","Conductivity (Field)","11.90","mS/m"
"L35/0558","1005458","18-Oct 2010 11:00am","Difference in Ion Balance","-1.300","%"
"L35/0558","1005458","18-Oct 2010 11:00am","Dissolved Oxygen","10.800","mg/L"
"L35/0558","1005458","18-Oct 2010 11:00am","Dissolved Oxygen Saturation","99.000","%"
"L35/0558","1005458","18-Oct 2010 11:00am","E. coli","<1","MPN/100mL"
"L35/0558","1005458","18-Oct 2010 11:00am","Hardness, Total","54.000","g/m3 as CaCO3"
"L35/0558","1005458","18-Oct 2010 11:00am","Iron, Dissolved","0.100","mg/L"
"L35/0558","1005458","18-Oct 2010 11:00am","Magnesium, Dissolved","4.700","mg/L"
"L35/0558","1005458","18-Oct 2010 11:00am","Manganese, Dissolved","<0.0100","mg/L"
"L35/0558","1005458","18-Oct 2010 11:00am","Nitrate Nitrogen","3.000","mg/L"
"L35/0558","1005458","18-Oct 2010 11:00am","pH","7.2",""
"L35/0558","1005458","18-Oct 2010 11:00am","pH (Field)","6.80",""
"L35/0558","1005458","18-Oct 2010 11:00am","Potassium, Dissolved","0.800","mg/L"
"L35/0558","1005458","18-Oct 2010 11:00am","Silica, Reactive","14.000","mg/L  as SiO2"
"L35/0558","1005458","18-Oct 2010 11:00am","Sodium, Dissolved","6.500","mg/L"
"L35/0558","1005458","18-Oct 2010 11:00am","Sulphate","6.200","mg/L"
"L35/0558","1005458","18-Oct 2010 11:00am","Sum of anions","1.427","meq/L"
"L35/0558","1005458","18-Oct 2010 11:00am","Sum of cations","1.391","meq/L"
"L35/0558","1005458","18-Oct 2010 11:00am","Total Coliforms","<1.00","number/100mL"
"L35/0558","1005458","18-Oct 2010 11:00am","Water Temperature (Field)","11.2","C"
"L35/0558","2905703","11-Nov 2009 12:00pm","Alkalinity to pH 4.5 as HCO3","66.000","mg/L  as HCO3"
"L35/0558","2905703","11-Nov 2009 12:00pm","Ammoniacal Nitrogen","0.033","mg/L"
"L35/0558","2905703","11-Nov 2009 12:00pm","Calcium, Dissolved","14.000","mg/L"
"L35/0558","2905703","11-Nov 2009 12:00pm","Chloride","5.500","mg/L"
"L35/0558","2905703","11-Nov 2009 12:00pm","Conductivity","13.0","mS/m"
"L35/0558","2905703","11-Nov 2009 12:00pm","Conductivity (Field)","14.50","mS/m"
"L35/0558","2905703","11-Nov 2009 12:00pm","Difference in Ion Balance","-4.200","%"
"L35/0558","2905703","11-Nov 2009 12:00pm","Dissolved Oxygen","5.200","mg/L"
"L35/0558","2905703","11-Nov 2009 12:00pm","Dissolved Oxygen Saturation","48.000","%"
"L35/0558","2905703","11-Nov 2009 12:00pm","E. coli","<1","MPN/100mL"
"L35/0558","2905703","11-Nov 2009 12:00pm","Hardness, Total","56.000","g/m3 as CaCO3"
"L35/0558","2905703","11-Nov 2009 12:00pm","Iron, Dissolved","0.410","mg/L"
"L35/0558","2905703","11-Nov 2009 12:00pm","Magnesium, Dissolved","5.000","mg/L"
"L35/0558","2905703","11-Nov 2009 12:00pm","Manganese, Dissolved","0.0200","mg/L"
"L35/0558","2905703","11-Nov 2009 12:00pm","Nitrate Nitrogen","3.200","mg/L"
"L35/0558","2905703","11-Nov 2009 12:00pm","pH","7.0",""
"L35/0558","2905703","11-Nov 2009 12:00pm","pH (Field)","6.00",""
"L35/0558","2905703","11-Nov 2009 12:00pm","Potassium, Dissolved","0.900","mg/L"
"L35/0558","2905703","11-Nov 2009 12:00pm","Silica, Reactive","14.000","mg/L  as SiO2"
"L35/0558","2905703","11-Nov 2009 12:00pm","Sodium, Dissolved","6.700","mg/L"
"L35/0558","2905703","11-Nov 2009 12:00pm","Sulphate","4.700","mg/L"
"L35/0558","2905703","11-Nov 2009 12:00pm","Sum of anions","1.564","meq/L"
"L35/0558","2905703","11-Nov 2009 12:00pm","Sum of cations","1.439","meq/L"
"L35/0558","2905703","11-Nov 2009 12:00pm","Total Coliforms","<1.00","number/100mL"
"L35/0558","2905703","11-Nov 2009 12:00pm","Water Temperature (Field)","11.4","C"
"L35/0558","2806402","03-Nov 2008 12:15pm","Alkalinity to pH 4.5 as HCO3","53.000","mg/L  as HCO3"
"L35/0558","2806402","03-Nov 2008 12:15pm","Ammoniacal Nitrogen","0.046","mg/L"
"L35/0558","2806402","03-Nov 2008 12:15pm","Calcium, Dissolved","15.000","mg/L"
"L35/0558","2806402","03-Nov 2008 12:15pm","Chloride","5.400","mg/L"
"L35/0558","2806402","03-Nov 2008 12:15pm","Conductivity","15.0","mS/m"
"L35/0558","2806402","03-Nov 2008 12:15pm","Conductivity (Field)","15.10","mS/m"
"L35/0558","2806402","03-Nov 2008 12:15pm","Difference in Ion Balance","5.500","%"
"L35/0558","2806402","03-Nov 2008 12:15pm","Dissolved Oxygen","10.800","mg/L"
"L35/0558","2806402","03-Nov 2008 12:15pm","Dissolved Oxygen Saturation","94.400","%"
"L35/0558","2806402","03-Nov 2008 12:15pm","Dissolved Reactive Phosphorus","0.0030","mg/L"
"L35/0558","2806402","03-Nov 2008 12:15pm","E. coli","<1","MPN/100mL"
"L35/0558","2806402","03-Nov 2008 12:15pm","Hardness, Total","58.000","g/m3 as CaCO3"
"L35/0558","2806402","03-Nov 2008 12:15pm","Iron, Dissolved","0.640","mg/L"
"L35/0558","2806402","03-Nov 2008 12:15pm","Magnesium, Dissolved","4.900","mg/L"
"L35/0558","2806402","03-Nov 2008 12:15pm","Manganese, Dissolved","0.0400","mg/L"
"L35/0558","2806402","03-Nov 2008 12:15pm","Nitrate Nitrogen","3.800","mg/L"
"L35/0558","2806402","03-Nov 2008 12:15pm","Oxygen 18","-9.220",""
"L35/0558","2806402","03-Nov 2008 12:15pm","pH","6.8",""
"L35/0558","2806402","03-Nov 2008 12:15pm","pH (Field)","6.00",""
"L35/0558","2806402","03-Nov 2008 12:15pm","Potassium, Dissolved","1.400","mg/L"
"L35/0558","2806402","03-Nov 2008 12:15pm","Silica, Reactive","14.000","mg/L  as SiO2"
"L35/0558","2806402","03-Nov 2008 12:15pm","Sodium, Dissolved","7.300","mg/L"
"L35/0558","2806402","03-Nov 2008 12:15pm","Sulphate","3.700","mg/L"
"L35/0558","2806402","03-Nov 2008 12:15pm","Sum of anions","1.370","meq/L"
"L35/0558","2806402","03-Nov 2008 12:15pm","Sum of cations","1.528","meq/L"
"L35/0558","2806402","03-Nov 2008 12:15pm","Total Coliforms","<1.00","number/100mL"
"L35/0558","2806402","03-Nov 2008 12:15pm","Water Temperature (Field)","11.6","C"
"L35/0558","2605858","09-Oct 2006 12:30pm","Alkalinity to pH 4.5 as HCO3","61.000","mg/L  as HCO3"
"L35/0558","2605858","09-Oct 2006 12:30pm","Ammoniacal Nitrogen","0.170","mg/L"
"L35/0558","2605858","09-Oct 2006 12:30pm","Calcium, Dissolved","13.000","mg/L"
"L35/0558","2605858","09-Oct 2006 12:30pm","Chloride","4.800","mg/L"
"L35/0558","2605858","09-Oct 2006 12:30pm","Conductivity","13.0","mS/m"
"L35/0558","2605858","09-Oct 2006 12:30pm","Conductivity (Field)","12.80","mS/m"
"L35/0558","2605858","09-Oct 2006 12:30pm","Difference in Ion Balance","-0.760","%"
"L35/0558","2605858","09-Oct 2006 12:30pm","Dissolved Oxygen","2.100","mg/L"
"L35/0558","2605858","09-Oct 2006 12:30pm","Dissolved Oxygen Saturation","18.900","%"
"L35/0558","2605858","09-Oct 2006 12:30pm","E. coli","<1","MPN/100mL"
"L35/0558","2605858","09-Oct 2006 12:30pm","Hardness, Total","50.000","g/m3 as CaCO3"
"L35/0558","2605858","09-Oct 2006 12:30pm","Iron, Dissolved","0.280","mg/L"
"L35/0558","2605858","09-Oct 2006 12:30pm","Magnesium, Dissolved","4.200","mg/L"
"L35/0558","2605858","09-Oct 2006 12:30pm","Manganese, Dissolved","0.0300","mg/L"
"L35/0558","2605858","09-Oct 2006 12:30pm","Nitrate Nitrogen","2.000","mg/L"
"L35/0558","2605858","09-Oct 2006 12:30pm","pH","6.9",""
"L35/0558","2605858","09-Oct 2006 12:30pm","pH (Field)","7.30",""
"L35/0558","2605858","09-Oct 2006 12:30pm","Potassium, Dissolved","0.800","mg/L"
"L35/0558","2605858","09-Oct 2006 12:30pm","Silica, Reactive","8.600","mg/L  as SiO2"
"L35/0558","2605858","09-Oct 2006 12:30pm","Sodium, Dissolved","6.200","mg/L"
"L35/0558","2605858","09-Oct 2006 12:30pm","Sulphate","2.200","mg/L"
"L35/0558","2605858","09-Oct 2006 12:30pm","Sum of anions","1.324","meq/L"
"L35/0558","2605858","09-Oct 2006 12:30pm","Sum of cations","1.304","meq/L"
"L35/0558","2605858","09-Oct 2006 12:30pm","Total Coliforms","<1.00","number/100mL"
"L35/0558","2605858","09-Oct 2006 12:30pm","Water Temperature (Field)","11.5","C"
"L35/0558","2506858","26-Sep 2005 14:00pm","Alkalinity to pH 4.5 as HCO3","60.000","mg/L  as HCO3"
"L35/0558","2506858","26-Sep 2005 14:00pm","Ammoniacal Nitrogen","0.110","mg/L"
"L35/0558","2506858","26-Sep 2005 14:00pm","Calcium, Dissolved","12.000","mg/L"
"L35/0558","2506858","26-Sep 2005 14:00pm","Chloride","3.900","mg/L"
"L35/0558","2506858","26-Sep 2005 14:00pm","Conductivity","12.0","mS/m"
"L35/0558","2506858","26-Sep 2005 14:00pm","Conductivity (Field)","12.30","mS/m"
"L35/0558","2506858","26-Sep 2005 14:00pm","Difference in Ion Balance","-1.200","%"
"L35/0558","2506858","26-Sep 2005 14:00pm","Dissolved Oxygen","2.800","mg/L"
"L35/0558","2506858","26-Sep 2005 14:00pm","Dissolved Oxygen Saturation","26.600","%"
"L35/0558","2506858","26-Sep 2005 14:00pm","E. coli","<1","MPN/100mL"
"L35/0558","2506858","26-Sep 2005 14:00pm","Hardness, Total","46.000","g/m3 as CaCO3"
"L35/0558","2506858","26-Sep 2005 14:00pm","Iron, Dissolved","0.230","mg/L"
"L35/0558","2506858","26-Sep 2005 14:00pm","Magnesium, Dissolved","4.000","mg/L"
"L35/0558","2506858","26-Sep 2005 14:00pm","Manganese, Dissolved","0.0300","mg/L"
"L35/0558","2506858","26-Sep 2005 14:00pm","Nitrate Nitrogen","1.600","mg/L"
"L35/0558","2506858","26-Sep 2005 14:00pm","pH","6.9",""
"L35/0558","2506858","26-Sep 2005 14:00pm","pH (Field)","6.70",""
"L35/0558","2506858","26-Sep 2005 14:00pm","Potassium, Dissolved","0.900","mg/L"
"L35/0558","2506858","26-Sep 2005 14:00pm","Silica, Reactive","11.000","mg/L  as SiO2"
"L35/0558","2506858","26-Sep 2005 14:00pm","Sodium, Dissolved","6.400","mg/L"
"L35/0558","2506858","26-Sep 2005 14:00pm","Sulphate","3.100","mg/L"
"L35/0558","2506858","26-Sep 2005 14:00pm","Sum of anions","1.273","meq/L"
"L35/0558","2506858","26-Sep 2005 14:00pm","Sum of cations","1.243","meq/L"
"L35/0558","2506858","26-Sep 2005 14:00pm","Total Coliforms","10.0","number/100mL"
"L35/0558","2506858","26-Sep 2005 14:00pm","Water Temperature (Field)","11.2","C"
"L35/0558","2406633","30-Sep 2004 10:15am","Alkalinity to pH 4.5 as HCO3","60.000","mg/L  as HCO3"
"L35/0558","2406633","30-Sep 2004 10:15am","Ammoniacal Nitrogen","0.091","mg/L"
"L35/0558","2406633","30-Sep 2004 10:15am","Calcium, Dissolved","12.000","mg/L"
"L35/0558","2406633","30-Sep 2004 10:15am","Chloride","4.500","mg/L"
"L35/0558","2406633","30-Sep 2004 10:15am","Conductivity","13.0","mS/m"
"L35/0558","2406633","30-Sep 2004 10:15am","Conductivity (Field)","12.80","mS/m"
"L35/0558","2406633","30-Sep 2004 10:15am","Difference in Ion Balance","-3.000","%"
"L35/0558","2406633","30-Sep 2004 10:15am","Dissolved Oxygen","3.700","mg/L"
"L35/0558","2406633","30-Sep 2004 10:15am","Dissolved Oxygen Saturation","33.800","%"
"L35/0558","2406633","30-Sep 2004 10:15am","E. coli","<1","MPN/100mL"
"L35/0558","2406633","30-Sep 2004 10:15am","Hardness, Total","46.000","g/m3 as CaCO3"
"L35/0558","2406633","30-Sep 2004 10:15am","Iron, Dissolved","0.150","mg/L"
"L35/0558","2406633","30-Sep 2004 10:15am","Magnesium, Dissolved","4.000","mg/L"
"L35/0558","2406633","30-Sep 2004 10:15am","Manganese, Dissolved","0.0200","mg/L"
"L35/0558","2406633","30-Sep 2004 10:15am","Nitrate Nitrogen","2.100","mg/L"
"L35/0558","2406633","30-Sep 2004 10:15am","pH","6.6",""
"L35/0558","2406633","30-Sep 2004 10:15am","pH (Field)","6.80",""
"L35/0558","2406633","30-Sep 2004 10:15am","Potassium, Dissolved","0.800","mg/L"
"L35/0558","2406633","30-Sep 2004 10:15am","Silica, Reactive","12.000","mg/L  as SiO2"
"L35/0558","2406633","30-Sep 2004 10:15am","Sodium, Dissolved","6.700","mg/L"
"L35/0558","2406633","30-Sep 2004 10:15am","Sulphate","3.100","mg/L"
"L35/0558","2406633","30-Sep 2004 10:15am","Sum of anions","1.325","meq/L"
"L35/0558","2406633","30-Sep 2004 10:15am","Sum of cations","1.249","meq/L"
"L35/0558","2406633","30-Sep 2004 10:15am","Total Coliforms","<1.00","number/100mL"
"L35/0558","2406633","30-Sep 2004 10:15am","Water Temperature (Field)","11.0","C"
"L35/0558","2306006","08-Oct 2003 10:45am","Alkalinity to pH 4.5 as HCO3","63.000","mg/L  as HCO3"
"L35/0558","2306006","08-Oct 2003 10:45am","Ammoniacal Nitrogen","0.044","mg/L"
"L35/0558","2306006","08-Oct 2003 10:45am","Calcium, Dissolved","11.000","mg/L"
"L35/0558","2306006","08-Oct 2003 10:45am","Chloride","4.300","mg/L"
"L35/0558","2306006","08-Oct 2003 10:45am","Conductivity","14.0","mS/m"
"L35/0558","2306006","08-Oct 2003 10:45am","Conductivity (Field)","13.40","mS/m"
"L35/0558","2306006","08-Oct 2003 10:45am","Difference in Ion Balance","-6.900","%"
"L35/0558","2306006","08-Oct 2003 10:45am","Dissolved Oxygen","5.100","mg/L"
"L35/0558","2306006","08-Oct 2003 10:45am","Dissolved Oxygen Saturation","46.900","%"
"L35/0558","2306006","08-Oct 2003 10:45am","E. coli","<1","MPN/100mL"
"L35/0558","2306006","08-Oct 2003 10:45am","Hardness, Total","44.000","g/m3 as CaCO3"
"L35/0558","2306006","08-Oct 2003 10:45am","Iron, Dissolved","0.190","mg/L"
"L35/0558","2306006","08-Oct 2003 10:45am","Iron, Total","3.300","mg/L"
"L35/0558","2306006","08-Oct 2003 10:45am","Magnesium, Dissolved","4.000","mg/L"
"L35/0558","2306006","08-Oct 2003 10:45am","Manganese, Dissolved","0.0300","mg/L"
"L35/0558","2306006","08-Oct 2003 10:45am","Nitrate Nitrogen","2.000","mg/L"
"L35/0558","2306006","08-Oct 2003 10:45am","pH","6.7",""
"L35/0558","2306006","08-Oct 2003 10:45am","pH (Field)","6.60",""
"L35/0558","2306006","08-Oct 2003 10:45am","Potassium, Dissolved","0.900","mg/L"
"L35/0558","2306006","08-Oct 2003 10:45am","Silica, Reactive","14.000","mg/L  as SiO2"
"L35/0558","2306006","08-Oct 2003 10:45am","Sodium, Dissolved","6.400","mg/L"
"L35/0558","2306006","08-Oct 2003 10:45am","Sulphate","3.100","mg/L"
"L35/0558","2306006","08-Oct 2003 10:45am","Sum of anions","1.362","meq/L"
"L35/0558","2306006","08-Oct 2003 10:45am","Sum of cations","1.187","meq/L"
"L35/0558","2306006","08-Oct 2003 10:45am","Total Coliforms","<1.00","number/100mL"
"L35/0558","2306006","08-Oct 2003 10:45am","Water Temperature (Field)","11.3","C"
"L35/0558","2205128","29-Oct 2002 10:40am","Alkalinity to pH 4.5 as HCO3","56.000","mg/L  as HCO3"
"L35/0558","2205128","29-Oct 2002 10:40am","Ammoniacal Nitrogen","0.013","mg/L"
"L35/0558","2205128","29-Oct 2002 10:40am","Calcium, Total","12.000","mg/L"
"L35/0558","2205128","29-Oct 2002 10:40am","Chloride","4.000","mg/L"
"L35/0558","2205128","29-Oct 2002 10:40am","Conductivity","16.0","mS/m"
"L35/0558","2205128","29-Oct 2002 10:40am","Difference in Ion Balance","2.800","%"
"L35/0558","2205128","29-Oct 2002 10:40am","Dissolved Oxygen","4.700","mg/L"
"L35/0558","2205128","29-Oct 2002 10:40am","Dissolved Oxygen Saturation","43.300","%"
"L35/0558","2205128","29-Oct 2002 10:40am","E. coli","<1","MPN/100mL"
"L35/0558","2205128","29-Oct 2002 10:40am","Hardness, Total","48.000","g/m3 as CaCO3"
"L35/0558","2205128","29-Oct 2002 10:40am","Iron, Total","1.400","mg/L"
"L35/0558","2205128","29-Oct 2002 10:40am","Magnesium, Total","4.500","mg/L"
"L35/0558","2205128","29-Oct 2002 10:40am","Manganese, Total","0.06000","mg/L"
"L35/0558","2205128","29-Oct 2002 10:40am","Nitrate Nitrogen","2.100","mg/L"
"L35/0558","2205128","29-Oct 2002 10:40am","pH","6.6",""
"L35/0558","2205128","29-Oct 2002 10:40am","Potassium, Total","0.900","mg/L"
"L35/0558","2205128","29-Oct 2002 10:40am","Silica, Reactive","13.000","mg/L  as SiO2"
"L35/0558","2205128","29-Oct 2002 10:40am","Sodium, Total","6.400","mg/L"
"L35/0558","2205128","29-Oct 2002 10:40am","Sulphate","3.400","mg/L"
"L35/0558","2205128","29-Oct 2002 10:40am","Sum of anions","1.252","meq/L"
"L35/0558","2205128","29-Oct 2002 10:40am","Sum of cations","1.324","meq/L"
"L35/0558","2205128","29-Oct 2002 10:40am","Total Coliforms","1.00","number/100mL"
"L35/0558","2205128","29-Oct 2002 10:40am","Water Temperature (Field)","11.3","C"
"L35/0558","2105837","26-Sep 2001 10:25am","Alkalinity to pH 4.5 as HCO3","44.000","mg/L  as HCO3"
"L35/0558","2105837","26-Sep 2001 10:25am","Ammoniacal Nitrogen","0.140","mg/L"
"L35/0558","2105837","26-Sep 2001 10:25am","Calcium, Total","10.000","mg/L"
"L35/0558","2105837","26-Sep 2001 10:25am","Chloride","3.200","mg/L"
"L35/0558","2105837","26-Sep 2001 10:25am","Conductivity","31.0","mS/m"
"L35/0558","2105837","26-Sep 2001 10:25am","Difference in Ion Balance","5.600","%"
"L35/0558","2105837","26-Sep 2001 10:25am","E. coli","<1","MPN/100mL"
"L35/0558","2105837","26-Sep 2001 10:25am","Faecal Coliforms","<1","cfu/100mL"
"L35/0558","2105837","26-Sep 2001 10:25am","Hardness, Total","37.000","g/m3 as CaCO3"
"L35/0558","2105837","26-Sep 2001 10:25am","Iron, Total","0.920","mg/L"
"L35/0558","2105837","26-Sep 2001 10:25am","Magnesium, Total","3.000","mg/L"
"L35/0558","2105837","26-Sep 2001 10:25am","Manganese, Total","<0.01000","mg/L"
"L35/0558","2105837","26-Sep 2001 10:25am","Nitrate Nitrogen","1.300","mg/L"
"L35/0558","2105837","26-Sep 2001 10:25am","pH","6.7",""
"L35/0558","2105837","26-Sep 2001 10:25am","Potassium, Total","0.700","mg/L"
"L35/0558","2105837","26-Sep 2001 10:25am","Silica, Reactive","9.500","mg/L  as SiO2"
"L35/0558","2105837","26-Sep 2001 10:25am","Sodium, Total","6.000","mg/L"
"L35/0558","2105837","26-Sep 2001 10:25am","Sulphate","2.400","mg/L"
"L35/0558","2105837","26-Sep 2001 10:25am","Sum of anions","0.954","meq/L"
"L35/0558","2105837","26-Sep 2001 10:25am","Sum of cations","1.068","meq/L"
"L35/0558","2105837","26-Sep 2001 10:25am","Total Coliforms","<1.00","number/100mL"
"L35/0558","2008882","30-Oct 2000 09:45am","Alkalinity to pH 4.5 as HCO3","53.000","mg/L  as HCO3"
"L35/0558","2008882","30-Oct 2000 09:45am","Ammoniacal Nitrogen","0.210","mg/L"
"L35/0558","2008882","30-Oct 2000 09:45am","Calcium, Total","9.300","mg/L"
"L35/0558","2008882","30-Oct 2000 09:45am","Chloride","3.500","mg/L"
"L35/0558","2008882","30-Oct 2000 09:45am","Conductivity","12.0","mS/m"
"L35/0558","2008882","30-Oct 2000 09:45am","Conductivity (Field)","11.60","mS/m"
"L35/0558","2008882","30-Oct 2000 09:45am","Difference in Ion Balance","-0.800","%"
"L35/0558","2008882","30-Oct 2000 09:45am","Dissolved Oxygen","3.800","mg/L"
"L35/0558","2008882","30-Oct 2000 09:45am","Dissolved Oxygen Saturation","35.000","%"
"L35/0558","2008882","30-Oct 2000 09:45am","E. coli","<1","MPN/100mL"
"L35/0558","2008882","30-Oct 2000 09:45am","Faecal Coliforms","<1","cfu/100mL"
"L35/0558","2008882","30-Oct 2000 09:45am","Hardness, Total","36.000","g/m3 as CaCO3"
"L35/0558","2008882","30-Oct 2000 09:45am","Iron, Total","1.600","mg/L"
"L35/0558","2008882","30-Oct 2000 09:45am","Magnesium, Total","3.200","mg/L"
"L35/0558","2008882","30-Oct 2000 09:45am","Manganese, Total","0.05000","mg/L"
"L35/0558","2008882","30-Oct 2000 09:45am","Nitrate Nitrogen","1.500","mg/L"
"L35/0558","2008882","30-Oct 2000 09:45am","pH","7.0",""
"L35/0558","2008882","30-Oct 2000 09:45am","pH (Field)","6.40",""
"L35/0558","2008882","30-Oct 2000 09:45am","Potassium, Total","0.900","mg/L"
"L35/0558","2008882","30-Oct 2000 09:45am","Silica, Reactive","9.200","mg/L  as SiO2"
"L35/0558","2008882","30-Oct 2000 09:45am","Sodium, Total","6.000","mg/L"
"L35/0558","2008882","30-Oct 2000 09:45am","Sulphate","1.900","mg/L"
"L35/0558","2008882","30-Oct 2000 09:45am","Sum of anions","1.114","meq/L"
"L35/0558","2008882","30-Oct 2000 09:45am","Sum of cations","1.098","meq/L"
"L35/0558","2008882","30-Oct 2000 09:45am","Total Coliforms","<1.00","number/100mL"
"L35/0558","2008882","30-Oct 2000 09:45am","Water Temperature (Field)","11.8","C"
"L35/0558","9901906","06-Oct 1999 09:40am","Alkalinity to pH 4.5 as HCO3","57.000","mg/L  as HCO3"
"L35/0558","9901906","06-Oct 1999 09:40am","Ammoniacal Nitrogen","0.015","mg/L"
"L35/0558","9901906","06-Oct 1999 09:40am","Arsenic, Total","<0.0020","mg/L"
"L35/0558","9901906","06-Oct 1999 09:40am","Calcium, Total","12.000","mg/L"
"L35/0558","9901906","06-Oct 1999 09:40am","Chloride","3.700","mg/L"
"L35/0558","9901906","06-Oct 1999 09:40am","Conductivity","13.0","mS/m"
"L35/0558","9901906","06-Oct 1999 09:40am","Conductivity (Field)","93.00","mS/m"
"L35/0558","9901906","06-Oct 1999 09:40am","Difference in Ion Balance","0.000","%"
"L35/0558","9901906","06-Oct 1999 09:40am","Dissolved Oxygen","5.200","mg/L"
"L35/0558","9901906","06-Oct 1999 09:40am","Dissolved Oxygen Saturation","48.000","%"
"L35/0558","9901906","06-Oct 1999 09:40am","E. coli","<1","MPN/100mL"
"L35/0558","9901906","06-Oct 1999 09:40am","Faecal Coliforms","<1","cfu/100mL"
"L35/0558","9901906","06-Oct 1999 09:40am","Hardness, Total","48.000","g/m3 as CaCO3"
"L35/0558","9901906","06-Oct 1999 09:40am","Iron, Total","0.540","mg/L"
"L35/0558","9901906","06-Oct 1999 09:40am","Magnesium, Total","4.300","mg/L"
"L35/0558","9901906","06-Oct 1999 09:40am","Manganese, Total","<0.04000","mg/L"
"L35/0558","9901906","06-Oct 1999 09:40am","Nitrate Nitrogen","2.100","mg/L"
"L35/0558","9901906","06-Oct 1999 09:40am","pH","6.5",""
"L35/0558","9901906","06-Oct 1999 09:40am","pH (Field)","6.40",""
"L35/0558","9901906","06-Oct 1999 09:40am","Potassium, Total","0.890","mg/L"
"L35/0558","9901906","06-Oct 1999 09:40am","Silica, Reactive","13.000","mg/L  as SiO2"
"L35/0558","9901906","06-Oct 1999 09:40am","Sodium, Total","6.100","mg/L"
"L35/0558","9901906","06-Oct 1999 09:40am","Sulphate","3.200","mg/L"
"L35/0558","9901906","06-Oct 1999 09:40am","Sum of anions","1.255","meq/L"
"L35/0558","9901906","06-Oct 1999 09:40am","Sum of cations","1.260","meq/L"
"L35/0558","9901906","06-Oct 1999 09:40am","Total Coliforms","<1.00","number/100mL"
"L35/0558","9901906","06-Oct 1999 09:40am","Water Temperature (Field)","11.2","C"
"L35/0558","CQ988380","10-Nov 1998 11:15am","Alkalinity to pH 4.5 as HCO3","56.000","mg/L  as HCO3"
"L35/0558","CQ988380","10-Nov 1998 11:15am","Ammoniacal Nitrogen","0.180","mg/L"
"L35/0558","CQ988380","10-Nov 1998 11:15am","Calcium, Total","11.000","mg/L"
"L35/0558","CQ988380","10-Nov 1998 11:15am","Chloride","3.200","mg/L"
"L35/0558","CQ988380","10-Nov 1998 11:15am","Conductivity","11.0","mS/m"
"L35/0558","CQ988380","10-Nov 1998 11:15am","Difference in Ion Balance","4.800","%"
"L35/0558","CQ988380","10-Nov 1998 11:15am","Faecal Coliforms","<1","cfu/100mL"
"L35/0558","CQ988380","10-Nov 1998 11:15am","Hardness, Total","43.000","g/m3 as CaCO3"
"L35/0558","CQ988380","10-Nov 1998 11:15am","Iron, Total","4.000","mg/L"
"L35/0558","CQ988380","10-Nov 1998 11:15am","Magnesium, Total","3.800","mg/L"
"L35/0558","CQ988380","10-Nov 1998 11:15am","Manganese, Total","0.08000","mg/L"
"L35/0558","CQ988380","10-Nov 1998 11:15am","Nitrate Nitrogen","1.400","mg/L"
"L35/0558","CQ988380","10-Nov 1998 11:15am","pH","6.6",""
"L35/0558","CQ988380","10-Nov 1998 11:15am","Potassium, Total","0.870","mg/L"
"L35/0558","CQ988380","10-Nov 1998 11:15am","Silica, Reactive","9.200","mg/L  as SiO2"
"L35/0558","CQ988380","10-Nov 1998 11:15am","Sodium, Total","5.800","mg/L"
"L35/0558","CQ988380","10-Nov 1998 11:15am","Sulphate","2.600","mg/L"
"L35/0558","CQ988380","10-Nov 1998 11:15am","Sum of anions","1.160","meq/L"
"L35/0558","CQ988380","10-Nov 1998 11:15am","Sum of cations","1.280","meq/L"
"L35/0558","CQ988380","10-Nov 1998 11:15am","Total Coliforms","<1.00","number/100mL"
"L35/0558","CQ972751","11-Nov 1997 11:30am","Alkalinity to pH 4.5 as HCO3","56.000","mg/L  as HCO3"
"L35/0558","CQ972751","11-Nov 1997 11:30am","Ammoniacal Nitrogen","0.041","mg/L"
"L35/0558","CQ972751","11-Nov 1997 11:30am","Calcium","12.000","mg/L"
"L35/0558","CQ972751","11-Nov 1997 11:30am","Chloride","2.500","mg/L"
"L35/0558","CQ972751","11-Nov 1997 11:30am","Conductivity","12.0","mS/m"
"L35/0558","CQ972751","11-Nov 1997 11:30am","Difference in Ion Balance","3.000","%"
"L35/0558","CQ972751","11-Nov 1997 11:30am","Faecal Coliforms","<1","cfu/100mL"
"L35/0558","CQ972751","11-Nov 1997 11:30am","Hardness, Total","46.000","g/m3 as CaCO3"
"L35/0558","CQ972751","11-Nov 1997 11:30am","Iron, Total","0.430","mg/L"
"L35/0558","CQ972751","11-Nov 1997 11:30am","Magnesium, Total","4.000","mg/L"
"L35/0558","CQ972751","11-Nov 1997 11:30am","Manganese, Total","0.04000","mg/L"
"L35/0558","CQ972751","11-Nov 1997 11:30am","Nitrate Nitrogen","1.700","mg/L"
"L35/0558","CQ972751","11-Nov 1997 11:30am","pH","6.5",""
"L35/0558","CQ972751","11-Nov 1997 11:30am","Potassium, Total","0.850","mg/L"
"L35/0558","CQ972751","11-Nov 1997 11:30am","Silica, Reactive","13.000","mg/L  as SiO2"
"L35/0558","CQ972751","11-Nov 1997 11:30am","Sodium, Total","6.500","mg/L"
"L35/0558","CQ972751","11-Nov 1997 11:30am","Sulphate","3.400","mg/L"
"L35/0558","CQ972751","11-Nov 1997 11:30am","Sum of anions","1.180","meq/L"
"L35/0558","CQ972751","11-Nov 1997 11:30am","Sum of cations","1.250","meq/L"
"L35/0558","CQ972751","11-Nov 1997 11:30am","Total Coliforms","<1.00","number/100mL"
"L35/0558","CQ961111","25-Nov 1996 12:00pm","Alkalinity to pH 4.5 as HCO3","34.000","mg/L  as HCO3"
"L35/0558","CQ961111","25-Nov 1996 12:00pm","Ammoniacal Nitrogen","0.750","mg/L"
"L35/0558","CQ961111","25-Nov 1996 12:00pm","Calcium","4.800","mg/L"
"L35/0558","CQ961111","25-Nov 1996 12:00pm","Chloride","4.000","mg/L"
"L35/0558","CQ961111","25-Nov 1996 12:00pm","Conductivity","7.5","mS/m"
"L35/0558","CQ961111","25-Nov 1996 12:00pm","Difference in Ion Balance","-11.100","%"
"L35/0558","CQ961111","25-Nov 1996 12:00pm","Faecal Coliforms","<1","cfu/100mL"
"L35/0558","CQ961111","25-Nov 1996 12:00pm","Hardness, Total","17.000","g/m3 as CaCO3"
"L35/0558","CQ961111","25-Nov 1996 12:00pm","Iron, Total","0.470","mg/L"
"L35/0558","CQ961111","25-Nov 1996 12:00pm","Magnesium, Total","1.200","mg/L"
"L35/0558","CQ961111","25-Nov 1996 12:00pm","Manganese, Total","0.04000","mg/L"
"L35/0558","CQ961111","25-Nov 1996 12:00pm","Nitrate-N Nitrite-N","0.170","g/m3"
"L35/0558","CQ961111","25-Nov 1996 12:00pm","pH","8.0",""
"L35/0558","CQ961111","25-Nov 1996 12:00pm","Potassium, Total","0.890","mg/L"
"L35/0558","CQ961111","25-Nov 1996 12:00pm","Sodium, Total","5.600","mg/L"
"L35/0558","CQ961111","25-Nov 1996 12:00pm","Sulphate","3.500","mg/L"
"L35/0558","CQ961111","25-Nov 1996 12:00pm","Sum of anions","0.755","meq/L"
"L35/0558","CQ961111","25-Nov 1996 12:00pm","Sum of cations","0.605","meq/L"
"L35/0558","CQ961111","25-Nov 1996 12:00pm","Total Coliforms","<1.00","number/100mL"