Site ID,M35/6639
Site Name,M35/6639
Site ID,SampleID,Collection Date,Measurement,Value,Units
"M35/6639","20235678","28-Sep 2023 11:22am","Alkalinity, Total","35.0","g/m3 as CaCO3"
"M35/6639","20235678","28-Sep 2023 11:22am","Aluminium, Dissolved","<0.003","mg/L"
"M35/6639","20235678","28-Sep 2023 11:22am","Ammoniacal Nitrogen","<0.010","mg/L"
"M35/6639","20235678","28-Sep 2023 11:22am","Bicarbonate","43.000","mg/L  at 25°C"
"M35/6639","20235678","28-Sep 2023 11:22am","Calcium, Dissolved","13.900","mg/L"
"M35/6639","20235678","28-Sep 2023 11:22am","Chloride","9.800","mg/L"
"M35/6639","20235678","28-Sep 2023 11:22am","Conductivity","17.7","mS/m"
"M35/6639","20235678","28-Sep 2023 11:22am","Conductivity (Field)","17.00","mS/m"
"M35/6639","20235678","28-Sep 2023 11:22am","Difference in Ion Balance","0.260","%"
"M35/6639","20235678","28-Sep 2023 11:22am","Dissolved Oxygen","2.090","mg/L"
"M35/6639","20235678","28-Sep 2023 11:22am","Dissolved Oxygen Saturation","20.200","%"
"M35/6639","20235678","28-Sep 2023 11:22am","Dissolved Reactive Phosphorus","0.0115","mg/L"
"M35/6639","20235678","28-Sep 2023 11:22am","E. coli","4","MPN/100mL"
"M35/6639","20235678","28-Sep 2023 11:22am","Hardness, Total","57.000","g/m3 as CaCO3"
"M35/6639","20235678","28-Sep 2023 11:22am","Iron, Dissolved","<0.020","mg/L"
"M35/6639","20235678","28-Sep 2023 11:22am","Magnesium, Dissolved","5.400","mg/L"
"M35/6639","20235678","28-Sep 2023 11:22am","Manganese, Dissolved","<0.0005","mg/L"
"M35/6639","20235678","28-Sep 2023 11:22am","Nitrate Nitrogen","5.100","mg/L"
"M35/6639","20235678","28-Sep 2023 11:22am","Nitrate-N Nitrite-N","5.100","g/m3"
"M35/6639","20235678","28-Sep 2023 11:22am","Nitrite Nitrogen","<0.002","mg/L"
"M35/6639","20235678","28-Sep 2023 11:22am","Oxidation Reduction Potential","194.200","mV"
"M35/6639","20235678","28-Sep 2023 11:22am","pH","7.2",""
"M35/6639","20235678","28-Sep 2023 11:22am","pH (Field)","6.14",""
"M35/6639","20235678","28-Sep 2023 11:22am","Potassium, Dissolved","1.590","mg/L"
"M35/6639","20235678","28-Sep 2023 11:22am","Silica, Reactive","13.100","mg/L  as SiO2"
"M35/6639","20235678","28-Sep 2023 11:22am","Sodium, Dissolved","10.400","mg/L"
"M35/6639","20235678","28-Sep 2023 11:22am","Sulphate","14.300","mg/L"
"M35/6639","20235678","28-Sep 2023 11:22am","Sum of anions","1.640","meq/L"
"M35/6639","20235678","28-Sep 2023 11:22am","Sum of cations","1.630","meq/L"
"M35/6639","20235678","28-Sep 2023 11:22am","Total Coliforms","16.0","number/100mL"
"M35/6639","20235678","28-Sep 2023 11:22am","Total Dissolved Phosphorus","0.013","mg/L"
"M35/6639","20235678","28-Sep 2023 11:22am","Water Temperature (Field)","13.1","C"
"M35/6639","20225592","29-Sep 2022 12:20pm","Alkalinity, Total","34.0","g/m3 as CaCO3"
"M35/6639","20225592","29-Sep 2022 12:20pm","Ammoniacal Nitrogen","<0.010","mg/L"
"M35/6639","20225592","29-Sep 2022 12:20pm","Arsenic, Dissolved","<0.0010","mg/L"
"M35/6639","20225592","29-Sep 2022 12:20pm","Bicarbonate","41.000","mg/L  at 25°C"
"M35/6639","20225592","29-Sep 2022 12:20pm","Calcium, Dissolved","13.400","mg/L"
"M35/6639","20225592","29-Sep 2022 12:20pm","Chloride","11.400","mg/L"
"M35/6639","20225592","29-Sep 2022 12:20pm","Conductivity","18.2","mS/m"
"M35/6639","20225592","29-Sep 2022 12:20pm","Conductivity (Field)","17.50","mS/m"
"M35/6639","20225592","29-Sep 2022 12:20pm","Difference in Ion Balance","0.480","%"
"M35/6639","20225592","29-Sep 2022 12:20pm","Dissolved Oxygen","2.760","mg/L"
"M35/6639","20225592","29-Sep 2022 12:20pm","Dissolved Oxygen Saturation","26.500","%"
"M35/6639","20225592","29-Sep 2022 12:20pm","Dissolved Reactive Phosphorus","0.0103","mg/L"
"M35/6639","20225592","29-Sep 2022 12:20pm","E. coli","<1","MPN/100mL"
"M35/6639","20225592","29-Sep 2022 12:20pm","Hardness, Total","57.000","g/m3 as CaCO3"
"M35/6639","20225592","29-Sep 2022 12:20pm","Iron, Dissolved","<0.020","mg/L"
"M35/6639","20225592","29-Sep 2022 12:20pm","Magnesium, Dissolved","5.700","mg/L"
"M35/6639","20225592","29-Sep 2022 12:20pm","Manganese, Dissolved","0.0006","mg/L"
"M35/6639","20225592","29-Sep 2022 12:20pm","Nitrate Nitrogen","5.500","mg/L"
"M35/6639","20225592","29-Sep 2022 12:20pm","Nitrate-N Nitrite-N","5.500","g/m3"
"M35/6639","20225592","29-Sep 2022 12:20pm","Nitrite Nitrogen","<0.002","mg/L"
"M35/6639","20225592","29-Sep 2022 12:20pm","Oxidation Reduction Potential","252.000","mV"
"M35/6639","20225592","29-Sep 2022 12:20pm","pH","7.0",""
"M35/6639","20225592","29-Sep 2022 12:20pm","pH (Field)","6.26",""
"M35/6639","20225592","29-Sep 2022 12:20pm","Potassium, Dissolved","1.640","mg/L"
"M35/6639","20225592","29-Sep 2022 12:20pm","Silica, Reactive","12.600","mg/L  as SiO2"
"M35/6639","20225592","29-Sep 2022 12:20pm","Sodium, Dissolved","10.800","mg/L"
"M35/6639","20225592","29-Sep 2022 12:20pm","Sulphate","13.500","mg/L"
"M35/6639","20225592","29-Sep 2022 12:20pm","Sum of anions","1.670","meq/L"
"M35/6639","20225592","29-Sep 2022 12:20pm","Sum of cations","1.650","meq/L"
"M35/6639","20225592","29-Sep 2022 12:20pm","Total Coliforms","1.00","number/100mL"
"M35/6639","20225592","29-Sep 2022 12:20pm","Total Dissolved Phosphorus","0.011","mg/L"
"M35/6639","20225592","29-Sep 2022 12:20pm","Water Temperature (Field)","13.3","C"
"M35/6639","20215423","14-Sep 2021 14:20pm","Alkalinity, Total","32.0","g/m3 as CaCO3"
"M35/6639","20215423","14-Sep 2021 14:20pm","Ammoniacal Nitrogen","<0.010","mg/L"
"M35/6639","20215423","14-Sep 2021 14:20pm","Bicarbonate","39.000","mg/L  at 25°C"
"M35/6639","20215423","14-Sep 2021 14:20pm","Calcium, Dissolved","14.300","mg/L"
"M35/6639","20215423","14-Sep 2021 14:20pm","Chloride","11.200","mg/L"
"M35/6639","20215423","14-Sep 2021 14:20pm","Conductivity","18.1","mS/m"
"M35/6639","20215423","14-Sep 2021 14:20pm","Conductivity (Field)","17.94","mS/m"
"M35/6639","20215423","14-Sep 2021 14:20pm","Difference in Ion Balance","0.920","%"
"M35/6639","20215423","14-Sep 2021 14:20pm","Dissolved Oxygen","2.590","mg/L"
"M35/6639","20215423","14-Sep 2021 14:20pm","Dissolved Oxygen Saturation","24.800","%"
"M35/6639","20215423","14-Sep 2021 14:20pm","Dissolved Reactive Phosphorus","0.0117","mg/L"
"M35/6639","20215423","14-Sep 2021 14:20pm","E. coli","<1","MPN/100mL"
"M35/6639","20215423","14-Sep 2021 14:20pm","Fluoride","0.120","g/m3"
"M35/6639","20215423","14-Sep 2021 14:20pm","Hardness, Total","59.000","g/m3 as CaCO3"
"M35/6639","20215423","14-Sep 2021 14:20pm","Iron, Dissolved","<0.020","mg/L"
"M35/6639","20215423","14-Sep 2021 14:20pm","Magnesium, Dissolved","5.600","mg/L"
"M35/6639","20215423","14-Sep 2021 14:20pm","Manganese, Dissolved","<0.0005","mg/L"
"M35/6639","20215423","14-Sep 2021 14:20pm","Nitrate Nitrogen","6.000","mg/L"
"M35/6639","20215423","14-Sep 2021 14:20pm","Nitrate-N Nitrite-N","6.000","g/m3"
"M35/6639","20215423","14-Sep 2021 14:20pm","Nitrite Nitrogen","<0.002","mg/L"
"M35/6639","20215423","14-Sep 2021 14:20pm","Oxidation Reduction Potential","313.000","mV"
"M35/6639","20215423","14-Sep 2021 14:20pm","pH","7.2",""
"M35/6639","20215423","14-Sep 2021 14:20pm","pH (Field)","6.44",""
"M35/6639","20215423","14-Sep 2021 14:20pm","Potassium, Dissolved","1.640","mg/L"
"M35/6639","20215423","14-Sep 2021 14:20pm","Silica, Reactive","11.800","mg/L  as SiO2"
"M35/6639","20215423","14-Sep 2021 14:20pm","Sodium, Dissolved","11.100","mg/L"
"M35/6639","20215423","14-Sep 2021 14:20pm","Sulphate","12.700","mg/L"
"M35/6639","20215423","14-Sep 2021 14:20pm","Sum of anions","1.670","meq/L"
"M35/6639","20215423","14-Sep 2021 14:20pm","Sum of cations","1.700","meq/L"
"M35/6639","20215423","14-Sep 2021 14:20pm","Total Coliforms","<1.00","number/100mL"
"M35/6639","20215423","14-Sep 2021 14:20pm","Total Dissolved Phosphorus","0.013","mg/L"
"M35/6639","20215423","14-Sep 2021 14:20pm","Water Temperature (Field)","13.4","C"
"M35/6639","20205388","14-Oct 2020 12:45pm","Alkalinity, Total","32.0","g/m3 as CaCO3"
"M35/6639","20205388","14-Oct 2020 12:45pm","Ammoniacal Nitrogen","<0.010","mg/L"
"M35/6639","20205388","14-Oct 2020 12:45pm","Bicarbonate","39.000","mg/L  at 25°C"
"M35/6639","20205388","14-Oct 2020 12:45pm","Boron, Dissolved","0.017","mg/L"
"M35/6639","20205388","14-Oct 2020 12:45pm","Bromide","0.027","g/m3"
"M35/6639","20205388","14-Oct 2020 12:45pm","Calcium, Dissolved","11.600","mg/L"
"M35/6639","20205388","14-Oct 2020 12:45pm","Chloride","8.400","mg/L"
"M35/6639","20205388","14-Oct 2020 12:45pm","Conductivity","15.9","mS/m"
"M35/6639","20205388","14-Oct 2020 12:45pm","Conductivity (Field)","13.79","mS/m"
"M35/6639","20205388","14-Oct 2020 12:45pm","Copper, Dissolved","0.0065","mg/L"
"M35/6639","20205388","14-Oct 2020 12:45pm","Difference in Ion Balance","0.960","%"
"M35/6639","20205388","14-Oct 2020 12:45pm","Dissolved Oxygen","2.180","mg/L"
"M35/6639","20205388","14-Oct 2020 12:45pm","Dissolved Oxygen Saturation","20.200","%"
"M35/6639","20205388","14-Oct 2020 12:45pm","Dissolved Reactive Phosphorus","0.0124","mg/L"
"M35/6639","20205388","14-Oct 2020 12:45pm","E. coli","<1","MPN/100mL"
"M35/6639","20205388","14-Oct 2020 12:45pm","Hardness, Total","49.000","g/m3 as CaCO3"
"M35/6639","20205388","14-Oct 2020 12:45pm","Iron, Dissolved","0.030","mg/L"
"M35/6639","20205388","14-Oct 2020 12:45pm","Magnesium, Dissolved","4.800","mg/L"
"M35/6639","20205388","14-Oct 2020 12:45pm","Manganese, Dissolved","0.0006","mg/L"
"M35/6639","20205388","14-Oct 2020 12:45pm","Nitrate Nitrogen","4.600","mg/L"
"M35/6639","20205388","14-Oct 2020 12:45pm","Oxidation Reduction Potential","226.600","mV"
"M35/6639","20205388","14-Oct 2020 12:45pm","pH","7.1",""
"M35/6639","20205388","14-Oct 2020 12:45pm","pH (Field)","6.43",""
"M35/6639","20205388","14-Oct 2020 12:45pm","Potassium, Dissolved","1.520","mg/L"
"M35/6639","20205388","14-Oct 2020 12:45pm","Silica, Reactive","11.000","mg/L  as SiO2"
"M35/6639","20205388","14-Oct 2020 12:45pm","Sodium, Dissolved","10.300","mg/L"
"M35/6639","20205388","14-Oct 2020 12:45pm","Sulphate","13.500","mg/L"
"M35/6639","20205388","14-Oct 2020 12:45pm","Sum of anions","1.490","meq/L"
"M35/6639","20205388","14-Oct 2020 12:45pm","Sum of cations","1.470","meq/L"
"M35/6639","20205388","14-Oct 2020 12:45pm","Total Coliforms","326","number/100mL"
"M35/6639","20205388","14-Oct 2020 12:45pm","Water Temperature (Field)","12.5","C"
"M35/6639","20205388","14-Oct 2020 12:45pm","Zinc, Dissolved","0.015","mg/L"
"M35/6639","20195753","25-Sep 2019 13:20pm","Alkalinity, Total","30.0","g/m3 as CaCO3"
"M35/6639","20195753","25-Sep 2019 13:20pm","Ammoniacal Nitrogen","0.012","mg/L"
"M35/6639","20195753","25-Sep 2019 13:20pm","Bicarbonate","37.000","mg/L  at 25°C"
"M35/6639","20195753","25-Sep 2019 13:20pm","Boron, Dissolved","0.020","mg/L"
"M35/6639","20195753","25-Sep 2019 13:20pm","Bromide","0.033","g/m3"
"M35/6639","20195753","25-Sep 2019 13:20pm","Calcium, Dissolved","12.700","mg/L"
"M35/6639","20195753","25-Sep 2019 13:20pm","Chloride","8.300","mg/L"
"M35/6639","20195753","25-Sep 2019 13:20pm","Conductivity","17.2","mS/m"
"M35/6639","20195753","25-Sep 2019 13:20pm","Conductivity (Field)","17.04","mS/m"
"M35/6639","20195753","25-Sep 2019 13:20pm","Copper, Dissolved","0.0058","mg/L"
"M35/6639","20195753","25-Sep 2019 13:20pm","Difference in Ion Balance","0.300","%"
"M35/6639","20195753","25-Sep 2019 13:20pm","Dissolved Oxygen","1.950","mg/L"
"M35/6639","20195753","25-Sep 2019 13:20pm","Dissolved Oxygen Saturation","19.400","%"
"M35/6639","20195753","25-Sep 2019 13:20pm","Dissolved Reactive Phosphorus","0.0115","mg/L"
"M35/6639","20195753","25-Sep 2019 13:20pm","E. coli","<1","MPN/100mL"
"M35/6639","20195753","25-Sep 2019 13:20pm","Hardness, Total","53.000","g/m3 as CaCO3"
"M35/6639","20195753","25-Sep 2019 13:20pm","Iron, Dissolved","<0.020","mg/L"
"M35/6639","20195753","25-Sep 2019 13:20pm","Magnesium, Dissolved","5.100","mg/L"
"M35/6639","20195753","25-Sep 2019 13:20pm","Manganese, Dissolved","<0.0005","mg/L"
"M35/6639","20195753","25-Sep 2019 13:20pm","Nitrate Nitrogen","5.800","mg/L"
"M35/6639","20195753","25-Sep 2019 13:20pm","Oxidation Reduction Potential","297.900","mV"
"M35/6639","20195753","25-Sep 2019 13:20pm","pH","6.8",""
"M35/6639","20195753","25-Sep 2019 13:20pm","pH (Field)","6.35",""
"M35/6639","20195753","25-Sep 2019 13:20pm","Potassium, Dissolved","1.520","mg/L"
"M35/6639","20195753","25-Sep 2019 13:20pm","Silica, Reactive","11.700","mg/L  as SiO2"
"M35/6639","20195753","25-Sep 2019 13:20pm","Sodium, Dissolved","10.000","mg/L"
"M35/6639","20195753","25-Sep 2019 13:20pm","Sulphate","13.000","mg/L"
"M35/6639","20195753","25-Sep 2019 13:20pm","Sum of anions","1.530","meq/L"
"M35/6639","20195753","25-Sep 2019 13:20pm","Sum of cations","1.530","meq/L"
"M35/6639","20195753","25-Sep 2019 13:20pm","Total Coliforms","<1.00","number/100mL"
"M35/6639","20195753","25-Sep 2019 13:20pm","Water Temperature (Field)","13.7","C"
"M35/6639","20195753","25-Sep 2019 13:20pm","Zinc, Dissolved","0.003","mg/L"
"M35/6639","20185707","15-Oct 2018 13:45pm","Alkalinity, Total","32.0","g/m3 as CaCO3"
"M35/6639","20185707","15-Oct 2018 13:45pm","Ammoniacal Nitrogen","<0.010","mg/L"
"M35/6639","20185707","15-Oct 2018 13:45pm","Bicarbonate","39.000","mg/L  at 25°C"
"M35/6639","20185707","15-Oct 2018 13:45pm","Boron, Dissolved","0.018","mg/L"
"M35/6639","20185707","15-Oct 2018 13:45pm","Bromide","0.032","g/m3"
"M35/6639","20185707","15-Oct 2018 13:45pm","Calcium, Dissolved","12.700","mg/L"
"M35/6639","20185707","15-Oct 2018 13:45pm","Chloride","9.200","mg/L"
"M35/6639","20185707","15-Oct 2018 13:45pm","Conductivity","17.0","mS/m"
"M35/6639","20185707","15-Oct 2018 13:45pm","Conductivity (Field)","17.03","mS/m"
"M35/6639","20185707","15-Oct 2018 13:45pm","Difference in Ion Balance","2.900","%"
"M35/6639","20185707","15-Oct 2018 13:45pm","Dissolved Oxygen","1.600","mg/L"
"M35/6639","20185707","15-Oct 2018 13:45pm","Dissolved Oxygen Saturation","15.100","%"
"M35/6639","20185707","15-Oct 2018 13:45pm","Dissolved Reactive Phosphorus","0.0117","mg/L"
"M35/6639","20185707","15-Oct 2018 13:45pm","E. coli","<1","MPN/100mL"
"M35/6639","20185707","15-Oct 2018 13:45pm","Hardness, Total","51.000","g/m3 as CaCO3"
"M35/6639","20185707","15-Oct 2018 13:45pm","Iron, Dissolved","<0.020","mg/L"
"M35/6639","20185707","15-Oct 2018 13:45pm","Magnesium, Dissolved","4.800","mg/L"
"M35/6639","20185707","15-Oct 2018 13:45pm","Manganese, Dissolved","<0.0005","mg/L"
"M35/6639","20185707","15-Oct 2018 13:45pm","Nitrate Nitrogen","5.800","mg/L"
"M35/6639","20185707","15-Oct 2018 13:45pm","Oxidation Reduction Potential","223.700","mV"
"M35/6639","20185707","15-Oct 2018 13:45pm","pH","6.9",""
"M35/6639","20185707","15-Oct 2018 13:45pm","pH (Field)","6.34",""
"M35/6639","20185707","15-Oct 2018 13:45pm","Potassium, Dissolved","1.570","mg/L"
"M35/6639","20185707","15-Oct 2018 13:45pm","Silica, Reactive","11.700","mg/L  as SiO2"
"M35/6639","20185707","15-Oct 2018 13:45pm","Sodium, Dissolved","10.500","mg/L"
"M35/6639","20185707","15-Oct 2018 13:45pm","Sulphate","14.600","mg/L"
"M35/6639","20185707","15-Oct 2018 13:45pm","Sum of anions","1.620","meq/L"
"M35/6639","20185707","15-Oct 2018 13:45pm","Sum of cations","1.520","meq/L"
"M35/6639","20185707","15-Oct 2018 13:45pm","Total Coliforms","<1.00","number/100mL"
"M35/6639","20185707","15-Oct 2018 13:45pm","Water Temperature (Field)","13.2","C"
"M35/6639","184510105","18-Sep 2017 12:40pm","Alkalinity, Total","36.0","g/m3 as CaCO3"
"M35/6639","184510105","18-Sep 2017 12:40pm","Ammoniacal Nitrogen","<0.010","mg/L"
"M35/6639","184510105","18-Sep 2017 12:40pm","Bicarbonate","44.000","mg/L  at 25°C"
"M35/6639","184510105","18-Sep 2017 12:40pm","Boron, Dissolved","0.019","mg/L"
"M35/6639","184510105","18-Sep 2017 12:40pm","Bromide","0.080","g/m3"
"M35/6639","184510105","18-Sep 2017 12:40pm","Calcium, Dissolved","15.700","mg/L"
"M35/6639","184510105","18-Sep 2017 12:40pm","Chloride","13.200","mg/L"
"M35/6639","184510105","18-Sep 2017 12:40pm","Conductivity","20.0","mS/m"
"M35/6639","184510105","18-Sep 2017 12:40pm","Conductivity (Field)","19.91","mS/m"
"M35/6639","184510105","18-Sep 2017 12:40pm","Difference in Ion Balance","0.350","%"
"M35/6639","184510105","18-Sep 2017 12:40pm","Dissolved Oxygen","3.990","mg/L"
"M35/6639","184510105","18-Sep 2017 12:40pm","Dissolved Oxygen Saturation","38.600","%"
"M35/6639","184510105","18-Sep 2017 12:40pm","Dissolved Reactive Phosphorus","0.0106","mg/L"
"M35/6639","184510105","18-Sep 2017 12:40pm","E. coli","<1","MPN/100mL"
"M35/6639","184510105","18-Sep 2017 12:40pm","Hardness, Total","65.000","g/m3 as CaCO3"
"M35/6639","184510105","18-Sep 2017 12:40pm","Iron, Dissolved","<0.020","mg/L"
"M35/6639","184510105","18-Sep 2017 12:40pm","Magnesium, Dissolved","6.300","mg/L"
"M35/6639","184510105","18-Sep 2017 12:40pm","Manganese, Dissolved","<0.0005","mg/L"
"M35/6639","184510105","18-Sep 2017 12:40pm","Nitrate Nitrogen","7.000","mg/L"
"M35/6639","184510105","18-Sep 2017 12:40pm","Oxidation Reduction Potential","232.000","mV"
"M35/6639","184510105","18-Sep 2017 12:40pm","pH","6.9",""
"M35/6639","184510105","18-Sep 2017 12:40pm","pH (Field)","6.40",""
"M35/6639","184510105","18-Sep 2017 12:40pm","Potassium, Dissolved","1.730","mg/L"
"M35/6639","184510105","18-Sep 2017 12:40pm","Silica, Reactive","13.000","mg/L  as SiO2"
"M35/6639","184510105","18-Sep 2017 12:40pm","Sodium, Dissolved","11.500","mg/L"
"M35/6639","184510105","18-Sep 2017 12:40pm","Sulphate","12.700","mg/L"
"M35/6639","184510105","18-Sep 2017 12:40pm","Sum of anions","1.860","meq/L"
"M35/6639","184510105","18-Sep 2017 12:40pm","Sum of cations","1.850","meq/L"
"M35/6639","184510105","18-Sep 2017 12:40pm","Total Coliforms","<1.00","number/100mL"
"M35/6639","184510105","18-Sep 2017 12:40pm","Water Temperature (Field)","13.0","C"
"M35/6639","166707304","19-Oct 2016 09:40am","Alkalinity, Total","31.0","g/m3 as CaCO3"
"M35/6639","166707304","19-Oct 2016 09:40am","Ammoniacal Nitrogen","<0.010","mg/L"
"M35/6639","166707304","19-Oct 2016 09:40am","Bicarbonate","38.000","mg/L  at 25°C"
"M35/6639","166707304","19-Oct 2016 09:40am","Calcium, Dissolved","10.800","mg/L"
"M35/6639","166707304","19-Oct 2016 09:40am","Chloride","7.800","mg/L"
"M35/6639","166707304","19-Oct 2016 09:40am","Conductivity","15.0","mS/m"
"M35/6639","166707304","19-Oct 2016 09:40am","Conductivity (Field)","12.20","mS/m"
"M35/6639","166707304","19-Oct 2016 09:40am","Difference in Ion Balance","3.200","%"
"M35/6639","166707304","19-Oct 2016 09:40am","Dissolved Oxygen","2.570","mg/L"
"M35/6639","166707304","19-Oct 2016 09:40am","Dissolved Oxygen Saturation","24.000","%"
"M35/6639","166707304","19-Oct 2016 09:40am","Dissolved Reactive Phosphorus","0.0119","mg/L"
"M35/6639","166707304","19-Oct 2016 09:40am","E. coli","<1","MPN/100mL"
"M35/6639","166707304","19-Oct 2016 09:40am","Hardness, Total","45.000","g/m3 as CaCO3"
"M35/6639","166707304","19-Oct 2016 09:40am","Iron, Dissolved","<0.020","mg/L"
"M35/6639","166707304","19-Oct 2016 09:40am","Magnesium, Dissolved","4.300","mg/L"
"M35/6639","166707304","19-Oct 2016 09:40am","Manganese, Dissolved","0.0009","mg/L"
"M35/6639","166707304","19-Oct 2016 09:40am","Nitrate Nitrogen","3.800","mg/L"
"M35/6639","166707304","19-Oct 2016 09:40am","pH","7.2",""
"M35/6639","166707304","19-Oct 2016 09:40am","pH (Field)","5.94",""
"M35/6639","166707304","19-Oct 2016 09:40am","Potassium, Dissolved","1.400","mg/L"
"M35/6639","166707304","19-Oct 2016 09:40am","Silica, Reactive","12.000","mg/L  as SiO2"
"M35/6639","166707304","19-Oct 2016 09:40am","Sodium, Dissolved","9.000","mg/L"
"M35/6639","166707304","19-Oct 2016 09:40am","Sulphate","13.800","mg/L"
"M35/6639","166707304","19-Oct 2016 09:40am","Sum of anions","1.410","meq/L"
"M35/6639","166707304","19-Oct 2016 09:40am","Sum of cations","1.320","meq/L"
"M35/6639","166707304","19-Oct 2016 09:40am","Total Coliforms","<1.00","number/100mL"
"M35/6639","166707304","19-Oct 2016 09:40am","Water Temperature (Field)","13.1","C"
"M35/6639","147954508","23-Sep 2015 15:00pm","Alkalinity, Total","28.0","g/m3 as CaCO3"
"M35/6639","147954508","23-Sep 2015 15:00pm","Ammoniacal Nitrogen","0.010","mg/L"
"M35/6639","147954508","23-Sep 2015 15:00pm","Bicarbonate","34.000","mg/L  at 25°C"
"M35/6639","147954508","23-Sep 2015 15:00pm","Calcium, Dissolved","12.000","mg/L"
"M35/6639","147954508","23-Sep 2015 15:00pm","Chloride","8.400","mg/L"
"M35/6639","147954508","23-Sep 2015 15:00pm","Conductivity","16.2","mS/m"
"M35/6639","147954508","23-Sep 2015 15:00pm","Conductivity (Field)","15.70","mS/m"
"M35/6639","147954508","23-Sep 2015 15:00pm","Difference in Ion Balance","2.000","%"
"M35/6639","147954508","23-Sep 2015 15:00pm","Dissolved Oxygen","2.850","mg/L"
"M35/6639","147954508","23-Sep 2015 15:00pm","Dissolved Oxygen Saturation","27.100","%"
"M35/6639","147954508","23-Sep 2015 15:00pm","Dissolved Reactive Phosphorus","0.0116","mg/L"
"M35/6639","147954508","23-Sep 2015 15:00pm","E. coli","<1","MPN/100mL"
"M35/6639","147954508","23-Sep 2015 15:00pm","Hardness, Total","51.000","g/m3 as CaCO3"
"M35/6639","147954508","23-Sep 2015 15:00pm","Iron, Dissolved","<0.020","mg/L"
"M35/6639","147954508","23-Sep 2015 15:00pm","Magnesium, Dissolved","5.100","mg/L"
"M35/6639","147954508","23-Sep 2015 15:00pm","Manganese, Dissolved","0.0012","mg/L"
"M35/6639","147954508","23-Sep 2015 15:00pm","Nitrate Nitrogen","4.900","mg/L"
"M35/6639","147954508","23-Sep 2015 15:00pm","pH","7.0",""
"M35/6639","147954508","23-Sep 2015 15:00pm","pH (Field)","6.08",""
"M35/6639","147954508","23-Sep 2015 15:00pm","Potassium, Dissolved","1.630","mg/L"
"M35/6639","147954508","23-Sep 2015 15:00pm","Silica, Reactive","13.000","mg/L  as SiO2"
"M35/6639","147954508","23-Sep 2015 15:00pm","Sodium, Dissolved","10.800","mg/L"
"M35/6639","147954508","23-Sep 2015 15:00pm","Sulphate","15.500","mg/L"
"M35/6639","147954508","23-Sep 2015 15:00pm","Sum of anions","1.470","meq/L"
"M35/6639","147954508","23-Sep 2015 15:00pm","Sum of cations","1.530","meq/L"
"M35/6639","147954508","23-Sep 2015 15:00pm","Total Coliforms","<1.00","number/100mL"
"M35/6639","147954508","23-Sep 2015 15:00pm","Water Temperature (Field)","13.1","C"
"M35/6639","132840902","19-Sep 2014 10:30am","Alkalinity, Total","36.0","g/m3 as CaCO3"
"M35/6639","132840902","19-Sep 2014 10:30am","Ammoniacal Nitrogen","<0.010","mg/L"
"M35/6639","132840902","19-Sep 2014 10:30am","Bicarbonate","43.000","mg/L  at 25°C"
"M35/6639","132840902","19-Sep 2014 10:30am","Calcium, Dissolved","12.900","mg/L"
"M35/6639","132840902","19-Sep 2014 10:30am","Chloride","8.800","mg/L"
"M35/6639","132840902","19-Sep 2014 10:30am","Conductivity","17.5","mS/m"
"M35/6639","132840902","19-Sep 2014 10:30am","Conductivity (Field)","16.70","mS/m"
"M35/6639","132840902","19-Sep 2014 10:30am","Difference in Ion Balance","1.270","%"
"M35/6639","132840902","19-Sep 2014 10:30am","Dissolved Oxygen","2.400","mg/L"
"M35/6639","132840902","19-Sep 2014 10:30am","Dissolved Oxygen Saturation","23.000","%"
"M35/6639","132840902","19-Sep 2014 10:30am","Dissolved Reactive Phosphorus","0.0099","mg/L"
"M35/6639","132840902","19-Sep 2014 10:30am","E. coli","<1","MPN/100mL"
"M35/6639","132840902","19-Sep 2014 10:30am","Hardness, Total","54.000","g/m3 as CaCO3"
"M35/6639","132840902","19-Sep 2014 10:30am","Iron, Dissolved","<0.020","mg/L"
"M35/6639","132840902","19-Sep 2014 10:30am","Magnesium, Dissolved","5.200","mg/L"
"M35/6639","132840902","19-Sep 2014 10:30am","Manganese, Dissolved","<0.0005","mg/L"
"M35/6639","132840902","19-Sep 2014 10:30am","Nitrate Nitrogen","5.700","mg/L"
"M35/6639","132840902","19-Sep 2014 10:30am","pH","7.1",""
"M35/6639","132840902","19-Sep 2014 10:30am","pH (Field)","6.05",""
"M35/6639","132840902","19-Sep 2014 10:30am","Potassium, Dissolved","1.510","mg/L"
"M35/6639","132840902","19-Sep 2014 10:30am","Silica, Reactive","12.000","mg/L  as SiO2"
"M35/6639","132840902","19-Sep 2014 10:30am","Sodium, Dissolved","11.700","mg/L"
"M35/6639","132840902","19-Sep 2014 10:30am","Sulphate","14.200","mg/L"
"M35/6639","132840902","19-Sep 2014 10:30am","Sum of anions","1.660","meq/L"
"M35/6639","132840902","19-Sep 2014 10:30am","Sum of cations","1.620","meq/L"
"M35/6639","132840902","19-Sep 2014 10:30am","Total Coliforms","<1.00","number/100mL"
"M35/6639","132840902","19-Sep 2014 10:30am","Total Dissolved Phosphorus","0.008","mg/L"
"M35/6639","132840902","19-Sep 2014 10:30am","Total Dissolved Phosphorus Digestion","*",""
"M35/6639","132840902","19-Sep 2014 10:30am","Water Temperature (Field)","13.3","C"
"M35/6639","118889805","07-Oct 2013 13:15pm","Alkalinity, Total","31.0","g/m3 as CaCO3"
"M35/6639","118889805","07-Oct 2013 13:15pm","Ammoniacal Nitrogen","<0.010","mg/L"
"M35/6639","118889805","07-Oct 2013 13:15pm","Bicarbonate","37.000","mg/L  at 25°C"
"M35/6639","118889805","07-Oct 2013 13:15pm","Calcium, Dissolved","13.200","mg/L"
"M35/6639","118889805","07-Oct 2013 13:15pm","Chloride","9.800","mg/L"
"M35/6639","118889805","07-Oct 2013 13:15pm","Conductivity","17.9","mS/m"
"M35/6639","118889805","07-Oct 2013 13:15pm","Conductivity (Field)","17.90","mS/m"
"M35/6639","118889805","07-Oct 2013 13:15pm","Difference in Ion Balance","0.420","%"
"M35/6639","118889805","07-Oct 2013 13:15pm","Dissolved Oxygen","2.700","mg/L"
"M35/6639","118889805","07-Oct 2013 13:15pm","Dissolved Oxygen Saturation","25.000","%"
"M35/6639","118889805","07-Oct 2013 13:15pm","E. coli","<1","MPN/100mL"
"M35/6639","118889805","07-Oct 2013 13:15pm","Hardness, Total","56.000","g/m3 as CaCO3"
"M35/6639","118889805","07-Oct 2013 13:15pm","Iron, Dissolved","<0.020","mg/L"
"M35/6639","118889805","07-Oct 2013 13:15pm","Magnesium, Dissolved","5.500","mg/L"
"M35/6639","118889805","07-Oct 2013 13:15pm","Manganese, Dissolved","<0.0005","mg/L"
"M35/6639","118889805","07-Oct 2013 13:15pm","Nitrate Nitrogen","5.700","mg/L"
"M35/6639","118889805","07-Oct 2013 13:15pm","pH","7.0",""
"M35/6639","118889805","07-Oct 2013 13:15pm","pH (Field)","6.30",""
"M35/6639","118889805","07-Oct 2013 13:15pm","Potassium, Dissolved","1.450","mg/L"
"M35/6639","118889805","07-Oct 2013 13:15pm","Silica, Reactive","12.500","mg/L  as SiO2"
"M35/6639","118889805","07-Oct 2013 13:15pm","Sodium, Dissolved","10.500","mg/L"
"M35/6639","118889805","07-Oct 2013 13:15pm","Sulphate","14.000","mg/L"
"M35/6639","118889805","07-Oct 2013 13:15pm","Sum of anions","1.590","meq/L"
"M35/6639","118889805","07-Oct 2013 13:15pm","Sum of cations","1.610","meq/L"
"M35/6639","118889805","07-Oct 2013 13:15pm","Total Coliforms","<1.00","number/100mL"
"M35/6639","118889805","07-Oct 2013 13:15pm","Water Temperature (Field)","13.0","C"
"M35/6639","1204343","19-Sep 2012 11:30am","Alkalinity to pH 4.5 as HCO3","44.000","mg/L  as HCO3"
"M35/6639","1204343","19-Sep 2012 11:30am","Ammoniacal Nitrogen","0.007","mg/L"
"M35/6639","1204343","19-Sep 2012 11:30am","Boron, Dissolved","0.017","mg/L"
"M35/6639","1204343","19-Sep 2012 11:30am","Cadmium, Dissolved","<0.00005","mg/L"
"M35/6639","1204343","19-Sep 2012 11:30am","Calcium, Dissolved","13.670","mg/L"
"M35/6639","1204343","19-Sep 2012 11:30am","Chloride","11.000","mg/L"
"M35/6639","1204343","19-Sep 2012 11:30am","Conductivity","17.0","mS/m"
"M35/6639","1204343","19-Sep 2012 11:30am","Conductivity (Field)","17.80","mS/m"
"M35/6639","1204343","19-Sep 2012 11:30am","Difference in Ion Balance","-2.100","%"
"M35/6639","1204343","19-Sep 2012 11:30am","Dissolved Oxygen","3.700","mg/L"
"M35/6639","1204343","19-Sep 2012 11:30am","Dissolved Oxygen Saturation","35.000","%"
"M35/6639","1204343","19-Sep 2012 11:30am","E. coli","<1","MPN/100mL"
"M35/6639","1204343","19-Sep 2012 11:30am","Hardness, Total","58.000","g/m3 as CaCO3"
"M35/6639","1204343","19-Sep 2012 11:30am","Iron, Dissolved","<0.020","mg/L"
"M35/6639","1204343","19-Sep 2012 11:30am","Magnesium, Dissolved","5.760","mg/L"
"M35/6639","1204343","19-Sep 2012 11:30am","Manganese, Dissolved","<0.0005","mg/L"
"M35/6639","1204343","19-Sep 2012 11:30am","Nitrate Nitrogen","5.800","mg/L"
"M35/6639","1204343","19-Sep 2012 11:30am","pH","7.1",""
"M35/6639","1204343","19-Sep 2012 11:30am","pH (Field)","6.40",""
"M35/6639","1204343","19-Sep 2012 11:30am","Potassium, Dissolved","1.580","mg/L"
"M35/6639","1204343","19-Sep 2012 11:30am","Silica, Reactive","11.000","mg/L  as SiO2"
"M35/6639","1204343","19-Sep 2012 11:30am","Sodium, Dissolved","10.900","mg/L"
"M35/6639","1204343","19-Sep 2012 11:30am","Sulphate","14.000","mg/L"
"M35/6639","1204343","19-Sep 2012 11:30am","Sum of anions","1.737","meq/L"
"M35/6639","1204343","19-Sep 2012 11:30am","Sum of cations","1.667","meq/L"
"M35/6639","1204343","19-Sep 2012 11:30am","Total Coliforms","<1.00","number/100mL"
"M35/6639","1204343","19-Sep 2012 11:30am","Water Temperature (Field)","13.6","C"
"M35/6639","1105351","11-Oct 2011 11:05am","Alkalinity to pH 4.5 as HCO3","37.000","mg/L  as HCO3"
"M35/6639","1105351","11-Oct 2011 11:05am","Ammoniacal Nitrogen","0.013","mg/L"
"M35/6639","1105351","11-Oct 2011 11:05am","Calcium, Dissolved","12.300","mg/L"
"M35/6639","1105351","11-Oct 2011 11:05am","Chloride","8.300","mg/L"
"M35/6639","1105351","11-Oct 2011 11:05am","Conductivity","15.0","mS/m"
"M35/6639","1105351","11-Oct 2011 11:05am","Conductivity (Field)","15.80","mS/m"
"M35/6639","1105351","11-Oct 2011 11:05am","Difference in Ion Balance","3.100","%"
"M35/6639","1105351","11-Oct 2011 11:05am","Dissolved Oxygen","2.000","mg/L"
"M35/6639","1105351","11-Oct 2011 11:05am","Dissolved Oxygen Saturation","19.000","%"
"M35/6639","1105351","11-Oct 2011 11:05am","E. coli","<1","MPN/100mL"
"M35/6639","1105351","11-Oct 2011 11:05am","Hardness, Total","52.000","g/m3 as CaCO3"
"M35/6639","1105351","11-Oct 2011 11:05am","Iron, Dissolved","<0.020","mg/L"
"M35/6639","1105351","11-Oct 2011 11:05am","Magnesium, Dissolved","5.100","mg/L"
"M35/6639","1105351","11-Oct 2011 11:05am","Manganese, Dissolved","<0.0005","mg/L"
"M35/6639","1105351","11-Oct 2011 11:05am","Nitrate Nitrogen","4.400","mg/L"
"M35/6639","1105351","11-Oct 2011 11:05am","pH","7.4",""
"M35/6639","1105351","11-Oct 2011 11:05am","pH (Field)","6.20",""
"M35/6639","1105351","11-Oct 2011 11:05am","Potassium, Dissolved","1.540","mg/L"
"M35/6639","1105351","11-Oct 2011 11:05am","Silica, Reactive","11.000","mg/L  as SiO2"
"M35/6639","1105351","11-Oct 2011 11:05am","Sodium, Dissolved","10.800","mg/L"
"M35/6639","1105351","11-Oct 2011 11:05am","Sulphate","14.000","mg/L"
"M35/6639","1105351","11-Oct 2011 11:05am","Sum of anions","1.446","meq/L"
"M35/6639","1105351","11-Oct 2011 11:05am","Sum of cations","1.539","meq/L"
"M35/6639","1105351","11-Oct 2011 11:05am","Total Coliforms","<1.00","number/100mL"
"M35/6639","1105351","11-Oct 2011 11:05am","Water Temperature (Field)","12.7","C"
"M35/6639","1105350","11-Oct 2011 11:00am","Alkalinity to pH 4.5 as HCO3","38.000","mg/L  as HCO3"
"M35/6639","1105350","11-Oct 2011 11:00am","Ammoniacal Nitrogen","0.013","mg/L"
"M35/6639","1105350","11-Oct 2011 11:00am","Calcium, Dissolved","11.700","mg/L"
"M35/6639","1105350","11-Oct 2011 11:00am","Chloride","11.000","mg/L"
"M35/6639","1105350","11-Oct 2011 11:00am","Conductivity","15.0","mS/m"
"M35/6639","1105350","11-Oct 2011 11:00am","Conductivity (Field)","15.80","mS/m"
"M35/6639","1105350","11-Oct 2011 11:00am","Difference in Ion Balance","-2.700","%"
"M35/6639","1105350","11-Oct 2011 11:00am","Dissolved Oxygen","2.000","mg/L"
"M35/6639","1105350","11-Oct 2011 11:00am","Dissolved Oxygen Saturation","19.000","%"
"M35/6639","1105350","11-Oct 2011 11:00am","E. coli","<1","MPN/100mL"
"M35/6639","1105350","11-Oct 2011 11:00am","Hardness, Total","49.000","g/m3 as CaCO3"
"M35/6639","1105350","11-Oct 2011 11:00am","Iron, Dissolved","<0.020","mg/L"
"M35/6639","1105350","11-Oct 2011 11:00am","Magnesium, Dissolved","4.800","mg/L"
"M35/6639","1105350","11-Oct 2011 11:00am","Manganese, Dissolved","<0.0005","mg/L"
"M35/6639","1105350","11-Oct 2011 11:00am","Nitrate Nitrogen","4.400","mg/L"
"M35/6639","1105350","11-Oct 2011 11:00am","pH","7.4",""
"M35/6639","1105350","11-Oct 2011 11:00am","pH (Field)","6.20",""
"M35/6639","1105350","11-Oct 2011 11:00am","Potassium, Dissolved","1.480","mg/L"
"M35/6639","1105350","11-Oct 2011 11:00am","Silica, Reactive","11.000","mg/L  as SiO2"
"M35/6639","1105350","11-Oct 2011 11:00am","Sodium, Dissolved","10.200","mg/L"
"M35/6639","1105350","11-Oct 2011 11:00am","Sulphate","14.000","mg/L"
"M35/6639","1105350","11-Oct 2011 11:00am","Sum of anions","1.539","meq/L"
"M35/6639","1105350","11-Oct 2011 11:00am","Sum of cations","1.457","meq/L"
"M35/6639","1105350","11-Oct 2011 11:00am","Total Coliforms","<1.00","number/100mL"
"M35/6639","1105350","11-Oct 2011 11:00am","Water Temperature (Field)","12.7","C"
"M35/6639","1005448","13-Oct 2010 10:30am","Alkalinity to pH 4.5 as HCO3","37.000","mg/L  as HCO3"
"M35/6639","1005448","13-Oct 2010 10:30am","Ammoniacal Nitrogen","0.007","mg/L"
"M35/6639","1005448","13-Oct 2010 10:30am","Calcium, Dissolved","12.000","mg/L"
"M35/6639","1005448","13-Oct 2010 10:30am","Chloride","10.000","mg/L"
"M35/6639","1005448","13-Oct 2010 10:30am","Conductivity","18.0","mS/m"
"M35/6639","1005448","13-Oct 2010 10:30am","Conductivity (Field)","16.60","mS/m"
"M35/6639","1005448","13-Oct 2010 10:30am","Difference in Ion Balance","-3.600","%"
"M35/6639","1005448","13-Oct 2010 10:30am","Dissolved Oxygen","2.600","mg/L"
"M35/6639","1005448","13-Oct 2010 10:30am","Dissolved Oxygen Saturation","25.000","%"
"M35/6639","1005448","13-Oct 2010 10:30am","E. coli","<1","MPN/100mL"
"M35/6639","1005448","13-Oct 2010 10:30am","Hardness, Total","51.000","g/m3 as CaCO3"
"M35/6639","1005448","13-Oct 2010 10:30am","Iron, Dissolved","<0.030","mg/L"
"M35/6639","1005448","13-Oct 2010 10:30am","Magnesium, Dissolved","5.200","mg/L"
"M35/6639","1005448","13-Oct 2010 10:30am","Manganese, Dissolved","<0.0100","mg/L"
"M35/6639","1005448","13-Oct 2010 10:30am","Nitrate Nitrogen","5.800","mg/L"
"M35/6639","1005448","13-Oct 2010 10:30am","pH","7.6",""
"M35/6639","1005448","13-Oct 2010 10:30am","pH (Field)","6.50",""
"M35/6639","1005448","13-Oct 2010 10:30am","Potassium, Dissolved","1.100","mg/L"
"M35/6639","1005448","13-Oct 2010 10:30am","Silica, Reactive","11.000","mg/L  as SiO2"
"M35/6639","1005448","13-Oct 2010 10:30am","Sodium, Dissolved","9.900","mg/L"
"M35/6639","1005448","13-Oct 2010 10:30am","Sulphate","14.000","mg/L"
"M35/6639","1005448","13-Oct 2010 10:30am","Sum of anions","1.594","meq/L"
"M35/6639","1005448","13-Oct 2010 10:30am","Sum of cations","1.482","meq/L"
"M35/6639","1005448","13-Oct 2010 10:30am","Total Coliforms","<1.00","number/100mL"
"M35/6639","1005448","13-Oct 2010 10:30am","Water Temperature (Field)","12.6","C"
"M35/6639","2905567","21-Sep 2009 14:45pm","Alkalinity to pH 4.5 as HCO3","34.000","mg/L  as HCO3"
"M35/6639","2905567","21-Sep 2009 14:45pm","Ammoniacal Nitrogen","<0.005","mg/L"
"M35/6639","2905567","21-Sep 2009 14:45pm","Calcium, Dissolved","12.000","mg/L"
"M35/6639","2905567","21-Sep 2009 14:45pm","Chloride","10.000","mg/L"
"M35/6639","2905567","21-Sep 2009 14:45pm","Conductivity","17.0","mS/m"
"M35/6639","2905567","21-Sep 2009 14:45pm","Conductivity (Field)","17.00","mS/m"
"M35/6639","2905567","21-Sep 2009 14:45pm","Difference in Ion Balance","-3.000","%"
"M35/6639","2905567","21-Sep 2009 14:45pm","Dissolved Oxygen","1.900","mg/L"
"M35/6639","2905567","21-Sep 2009 14:45pm","Dissolved Oxygen Saturation","18.000","%"
"M35/6639","2905567","21-Sep 2009 14:45pm","E. coli","<1","MPN/100mL"
"M35/6639","2905567","21-Sep 2009 14:45pm","Hardness, Total","51.000","g/m3 as CaCO3"
"M35/6639","2905567","21-Sep 2009 14:45pm","Iron, Dissolved","<0.030","mg/L"
"M35/6639","2905567","21-Sep 2009 14:45pm","Magnesium, Dissolved","5.000","mg/L"
"M35/6639","2905567","21-Sep 2009 14:45pm","Manganese, Dissolved","<0.0100","mg/L"
"M35/6639","2905567","21-Sep 2009 14:45pm","Nitrate Nitrogen","5.800","mg/L"
"M35/6639","2905567","21-Sep 2009 14:45pm","pH","7.0",""
"M35/6639","2905567","21-Sep 2009 14:45pm","pH (Field)","6.20",""
"M35/6639","2905567","21-Sep 2009 14:45pm","Potassium, Dissolved","1.400","mg/L"
"M35/6639","2905567","21-Sep 2009 14:45pm","Silica, Reactive","11.000","mg/L  as SiO2"
"M35/6639","2905567","21-Sep 2009 14:45pm","Sodium, Dissolved","9.900","mg/L"
"M35/6639","2905567","21-Sep 2009 14:45pm","Sulphate","15.000","mg/L"
"M35/6639","2905567","21-Sep 2009 14:45pm","Sum of anions","1.566","meq/L"
"M35/6639","2905567","21-Sep 2009 14:45pm","Sum of cations","1.474","meq/L"
"M35/6639","2905567","21-Sep 2009 14:45pm","Total Coliforms","<1.00","number/100mL"
"M35/6639","2905567","21-Sep 2009 14:45pm","Water Temperature (Field)","12.8","C"
"M35/6639","2806334","02-Oct 2008 14:30pm","Alkalinity to pH 4.5 as HCO3","40.000","mg/L  as HCO3"
"M35/6639","2806334","02-Oct 2008 14:30pm","Ammoniacal Nitrogen","0.012","mg/L"
"M35/6639","2806334","02-Oct 2008 14:30pm","Calcium, Dissolved","16.000","mg/L"
"M35/6639","2806334","02-Oct 2008 14:30pm","Chloride","13.000","mg/L"
"M35/6639","2806334","02-Oct 2008 14:30pm","Conductivity","20.0","mS/m"
"M35/6639","2806334","02-Oct 2008 14:30pm","Conductivity (Field)","20.00","mS/m"
"M35/6639","2806334","02-Oct 2008 14:30pm","Difference in Ion Balance","0.420","%"
"M35/6639","2806334","02-Oct 2008 14:30pm","Dissolved Oxygen","5.400","mg/L"
"M35/6639","2806334","02-Oct 2008 14:30pm","Dissolved Oxygen Saturation","49.000","%"
"M35/6639","2806334","02-Oct 2008 14:30pm","Dissolved Reactive Phosphorus","0.0090","mg/L"
"M35/6639","2806334","02-Oct 2008 14:30pm","E. coli","<1","MPN/100mL"
"M35/6639","2806334","02-Oct 2008 14:30pm","Hardness, Total","67.000","g/m3 as CaCO3"
"M35/6639","2806334","02-Oct 2008 14:30pm","Iron, Dissolved","<0.030","mg/L"
"M35/6639","2806334","02-Oct 2008 14:30pm","Magnesium, Dissolved","6.600","mg/L"
"M35/6639","2806334","02-Oct 2008 14:30pm","Manganese, Dissolved","<0.0100","mg/L"
"M35/6639","2806334","02-Oct 2008 14:30pm","Nitrate Nitrogen","8.000","mg/L"
"M35/6639","2806334","02-Oct 2008 14:30pm","Oxygen 18","-8.680",""
"M35/6639","2806334","02-Oct 2008 14:30pm","pH","6.8",""
"M35/6639","2806334","02-Oct 2008 14:30pm","pH (Field)","6.10",""
"M35/6639","2806334","02-Oct 2008 14:30pm","Potassium, Dissolved","1.600","mg/L"
"M35/6639","2806334","02-Oct 2008 14:30pm","Silica, Reactive","12.000","mg/L  as SiO2"
"M35/6639","2806334","02-Oct 2008 14:30pm","Sodium, Dissolved","12.000","mg/L"
"M35/6639","2806334","02-Oct 2008 14:30pm","Sulphate","14.000","mg/L"
"M35/6639","2806334","02-Oct 2008 14:30pm","Sum of anions","1.885","meq/L"
"M35/6639","2806334","02-Oct 2008 14:30pm","Sum of cations","1.901","meq/L"
"M35/6639","2806334","02-Oct 2008 14:30pm","Total Coliforms","3.00","number/100mL"
"M35/6639","2806334","02-Oct 2008 14:30pm","Water Temperature (Field)","12.8","C"
"M35/6639","2705881","19-Sep 2007 10:00am","Alkalinity to pH 4.5 as HCO3","38.000","mg/L  as HCO3"
"M35/6639","2705881","19-Sep 2007 10:00am","Ammoniacal Nitrogen","0.027","mg/L"
"M35/6639","2705881","19-Sep 2007 10:00am","Calcium, Dissolved","14.000","mg/L"
"M35/6639","2705881","19-Sep 2007 10:00am","Chloride","9.700","mg/L"
"M35/6639","2705881","19-Sep 2007 10:00am","Conductivity","16.0","mS/m"
"M35/6639","2705881","19-Sep 2007 10:00am","Conductivity (Field)","16.00","mS/m"
"M35/6639","2705881","19-Sep 2007 10:00am","Difference in Ion Balance","2.400","%"
"M35/6639","2705881","19-Sep 2007 10:00am","Dissolved Oxygen","0.960","mg/L"
"M35/6639","2705881","19-Sep 2007 10:00am","Dissolved Oxygen Saturation","11.600","%"
"M35/6639","2705881","19-Sep 2007 10:00am","Dissolved Reactive Phosphorus","0.0140","mg/L"
"M35/6639","2705881","19-Sep 2007 10:00am","E. coli","<1","MPN/100mL"
"M35/6639","2705881","19-Sep 2007 10:00am","Hardness, Total","55.000","g/m3 as CaCO3"
"M35/6639","2705881","19-Sep 2007 10:00am","Iron, Dissolved","<0.030","mg/L"
"M35/6639","2705881","19-Sep 2007 10:00am","Magnesium, Dissolved","4.900","mg/L"
"M35/6639","2705881","19-Sep 2007 10:00am","Manganese, Dissolved","<0.0100","mg/L"
"M35/6639","2705881","19-Sep 2007 10:00am","Nitrate Nitrogen","4.600","mg/L"
"M35/6639","2705881","19-Sep 2007 10:00am","pH","6.7",""
"M35/6639","2705881","19-Sep 2007 10:00am","pH (Field)","6.50",""
"M35/6639","2705881","19-Sep 2007 10:00am","Potassium, Dissolved","1.300","mg/L"
"M35/6639","2705881","19-Sep 2007 10:00am","Silica, Reactive","11.000","mg/L  as SiO2"
"M35/6639","2705881","19-Sep 2007 10:00am","Sodium, Dissolved","10.000","mg/L"
"M35/6639","2705881","19-Sep 2007 10:00am","Sulphate","13.000","mg/L"
"M35/6639","2705881","19-Sep 2007 10:00am","Sum of anions","1.496","meq/L"
"M35/6639","2705881","19-Sep 2007 10:00am","Sum of cations","1.569","meq/L"
"M35/6639","2705881","19-Sep 2007 10:00am","Total Coliforms","5.00","number/100mL"
"M35/6639","2705881","19-Sep 2007 10:00am","Water Temperature (Field)","12.7","C"
"M35/6639","2605792","18-Sep 2006 11:00am","Alkalinity to pH 4.5 as HCO3","34.000","mg/L  as HCO3"
"M35/6639","2605792","18-Sep 2006 11:00am","Ammoniacal Nitrogen","<0.005","mg/L"
"M35/6639","2605792","18-Sep 2006 11:00am","Calcium, Dissolved","13.000","mg/L"
"M35/6639","2605792","18-Sep 2006 11:00am","Chloride","12.000","mg/L"
"M35/6639","2605792","18-Sep 2006 11:00am","Conductivity","19.0","mS/m"
"M35/6639","2605792","18-Sep 2006 11:00am","Conductivity (Field)","18.80","mS/m"
"M35/6639","2605792","18-Sep 2006 11:00am","Difference in Ion Balance","-2.700","%"
"M35/6639","2605792","18-Sep 2006 11:00am","Dissolved Oxygen","5.100","mg/L"
"M35/6639","2605792","18-Sep 2006 11:00am","Dissolved Oxygen Saturation","48.800","%"
"M35/6639","2605792","18-Sep 2006 11:00am","E. coli","<1","MPN/100mL"
"M35/6639","2605792","18-Sep 2006 11:00am","Hardness, Total","56.000","g/m3 as CaCO3"
"M35/6639","2605792","18-Sep 2006 11:00am","Iron, Dissolved","<0.030","mg/L"
"M35/6639","2605792","18-Sep 2006 11:00am","Magnesium, Dissolved","5.800","mg/L"
"M35/6639","2605792","18-Sep 2006 11:00am","Manganese, Dissolved","<0.0100","mg/L"
"M35/6639","2605792","18-Sep 2006 11:00am","Nitrate Nitrogen","7.600","mg/L"
"M35/6639","2605792","18-Sep 2006 11:00am","pH","6.6",""
"M35/6639","2605792","18-Sep 2006 11:00am","pH (Field)","7.10",""
"M35/6639","2605792","18-Sep 2006 11:00am","Potassium, Dissolved","1.500","mg/L"
"M35/6639","2605792","18-Sep 2006 11:00am","Silica, Reactive","11.000","mg/L  as SiO2"
"M35/6639","2605792","18-Sep 2006 11:00am","Sodium, Dissolved","11.000","mg/L"
"M35/6639","2605792","18-Sep 2006 11:00am","Sulphate","14.000","mg/L"
"M35/6639","2605792","18-Sep 2006 11:00am","Sum of anions","1.730","meq/L"
"M35/6639","2605792","18-Sep 2006 11:00am","Sum of cations","1.639","meq/L"
"M35/6639","2605792","18-Sep 2006 11:00am","Total Coliforms","<1.00","number/100mL"
"M35/6639","2605792","18-Sep 2006 11:00am","Water Temperature (Field)","13.1","C"
"M35/6639","2506855","26-Sep 2005 10:50am","Alkalinity to pH 4.5 as HCO3","35.000","mg/L  as HCO3"
"M35/6639","2506855","26-Sep 2005 10:50am","Ammoniacal Nitrogen","0.007","mg/L"
"M35/6639","2506855","26-Sep 2005 10:50am","Calcium, Dissolved","11.000","mg/L"
"M35/6639","2506855","26-Sep 2005 10:50am","Chloride","8.300","mg/L"
"M35/6639","2506855","26-Sep 2005 10:50am","Conductivity","15.0","mS/m"
"M35/6639","2506855","26-Sep 2005 10:50am","Conductivity (Field)","15.50","mS/m"
"M35/6639","2506855","26-Sep 2005 10:50am","Difference in Ion Balance","-1.300","%"
"M35/6639","2506855","26-Sep 2005 10:50am","Dissolved Oxygen","2.400","mg/L"
"M35/6639","2506855","26-Sep 2005 10:50am","Dissolved Oxygen Saturation","22.300","%"
"M35/6639","2506855","26-Sep 2005 10:50am","E. coli","<1","MPN/100mL"
"M35/6639","2506855","26-Sep 2005 10:50am","Hardness, Total","46.000","g/m3 as CaCO3"
"M35/6639","2506855","26-Sep 2005 10:50am","Iron, Dissolved","<0.030","mg/L"
"M35/6639","2506855","26-Sep 2005 10:50am","Magnesium, Dissolved","4.600","mg/L"
"M35/6639","2506855","26-Sep 2005 10:50am","Manganese, Dissolved","0.0100","mg/L"
"M35/6639","2506855","26-Sep 2005 10:50am","Nitrate Nitrogen","5.000","mg/L"
"M35/6639","2506855","26-Sep 2005 10:50am","pH","6.8",""
"M35/6639","2506855","26-Sep 2005 10:50am","pH (Field)","6.50",""
"M35/6639","2506855","26-Sep 2005 10:50am","Potassium, Dissolved","1.400","mg/L"
"M35/6639","2506855","26-Sep 2005 10:50am","Silica, Reactive","10.000","mg/L  as SiO2"
"M35/6639","2506855","26-Sep 2005 10:50am","Sodium, Dissolved","9.600","mg/L"
"M35/6639","2506855","26-Sep 2005 10:50am","Sulphate","12.000","mg/L"
"M35/6639","2506855","26-Sep 2005 10:50am","Sum of anions","1.415","meq/L"
"M35/6639","2506855","26-Sep 2005 10:50am","Sum of cations","1.378","meq/L"
"M35/6639","2506855","26-Sep 2005 10:50am","Total Coliforms","<1.00","number/100mL"
"M35/6639","2506855","26-Sep 2005 10:50am","Water Temperature (Field)","12.8","C"
"M35/6639","2506854","26-Sep 2005 10:45am","Alkalinity to pH 4.5 as HCO3","34.000","mg/L  as HCO3"
"M35/6639","2506854","26-Sep 2005 10:45am","Ammoniacal Nitrogen","0.013","mg/L"
"M35/6639","2506854","26-Sep 2005 10:45am","Calcium, Dissolved","11.000","mg/L"
"M35/6639","2506854","26-Sep 2005 10:45am","Chloride","8.300","mg/L"
"M35/6639","2506854","26-Sep 2005 10:45am","Conductivity","15.0","mS/m"
"M35/6639","2506854","26-Sep 2005 10:45am","Conductivity (Field)","15.50","mS/m"
"M35/6639","2506854","26-Sep 2005 10:45am","Difference in Ion Balance","-0.540","%"
"M35/6639","2506854","26-Sep 2005 10:45am","Dissolved Oxygen","2.400","mg/L"
"M35/6639","2506854","26-Sep 2005 10:45am","Dissolved Oxygen Saturation","22.300","%"
"M35/6639","2506854","26-Sep 2005 10:45am","E. coli","<1","MPN/100mL"
"M35/6639","2506854","26-Sep 2005 10:45am","Hardness, Total","46.000","g/m3 as CaCO3"
"M35/6639","2506854","26-Sep 2005 10:45am","Iron, Dissolved","<0.030","mg/L"
"M35/6639","2506854","26-Sep 2005 10:45am","Magnesium, Dissolved","4.600","mg/L"
"M35/6639","2506854","26-Sep 2005 10:45am","Manganese, Dissolved","<0.0100","mg/L"
"M35/6639","2506854","26-Sep 2005 10:45am","Nitrate Nitrogen","5.000","mg/L"
"M35/6639","2506854","26-Sep 2005 10:45am","pH","6.8",""
"M35/6639","2506854","26-Sep 2005 10:45am","pH (Field)","6.50",""
"M35/6639","2506854","26-Sep 2005 10:45am","Potassium, Dissolved","1.400","mg/L"
"M35/6639","2506854","26-Sep 2005 10:45am","Silica, Reactive","10.000","mg/L  as SiO2"
"M35/6639","2506854","26-Sep 2005 10:45am","Sodium, Dissolved","9.700","mg/L"
"M35/6639","2506854","26-Sep 2005 10:45am","Sulphate","12.000","mg/L"
"M35/6639","2506854","26-Sep 2005 10:45am","Sum of anions","1.398","meq/L"
"M35/6639","2506854","26-Sep 2005 10:45am","Sum of cations","1.383","meq/L"
"M35/6639","2506854","26-Sep 2005 10:45am","Total Coliforms","<1.00","number/100mL"
"M35/6639","2506854","26-Sep 2005 10:45am","Water Temperature (Field)","12.8","C"
"M35/6639","2406600","20-Sep 2004 10:40am","Alkalinity to pH 4.5 as HCO3","32.000","mg/L  as HCO3"
"M35/6639","2406600","20-Sep 2004 10:40am","Ammoniacal Nitrogen","0.033","mg/L"
"M35/6639","2406600","20-Sep 2004 10:40am","Calcium, Dissolved","12.000","mg/L"
"M35/6639","2406600","20-Sep 2004 10:40am","Chloride","9.900","mg/L"
"M35/6639","2406600","20-Sep 2004 10:40am","Conductivity","19.0","mS/m"
"M35/6639","2406600","20-Sep 2004 10:40am","Conductivity (Field)","17.00","mS/m"
"M35/6639","2406600","20-Sep 2004 10:40am","Difference in Ion Balance","-3.700","%"
"M35/6639","2406600","20-Sep 2004 10:40am","Dissolved Oxygen","4.500","mg/L"
"M35/6639","2406600","20-Sep 2004 10:40am","Dissolved Oxygen Saturation","45.000","%"
"M35/6639","2406600","20-Sep 2004 10:40am","E. coli","<1","MPN/100mL"
"M35/6639","2406600","20-Sep 2004 10:40am","Hardness, Total","50.000","g/m3 as CaCO3"
"M35/6639","2406600","20-Sep 2004 10:40am","Iron, Dissolved","0.060","mg/L"
"M35/6639","2406600","20-Sep 2004 10:40am","Magnesium, Dissolved","4.900","mg/L"
"M35/6639","2406600","20-Sep 2004 10:40am","Manganese, Dissolved","<0.0100","mg/L"
"M35/6639","2406600","20-Sep 2004 10:40am","Nitrate Nitrogen","7.400","mg/L"
"M35/6639","2406600","20-Sep 2004 10:40am","pH","6.6",""
"M35/6639","2406600","20-Sep 2004 10:40am","pH (Field)","6.10",""
"M35/6639","2406600","20-Sep 2004 10:40am","Potassium, Dissolved","1.300","mg/L"
"M35/6639","2406600","20-Sep 2004 10:40am","Silica, Reactive","11.000","mg/L  as SiO2"
"M35/6639","2406600","20-Sep 2004 10:40am","Sodium, Dissolved","10.000","mg/L"
"M35/6639","2406600","20-Sep 2004 10:40am","Sulphate","12.000","mg/L"
"M35/6639","2406600","20-Sep 2004 10:40am","Sum of anions","1.582","meq/L"
"M35/6639","2406600","20-Sep 2004 10:40am","Sum of cations","1.470","meq/L"
"M35/6639","2406600","20-Sep 2004 10:40am","Total Coliforms","1.00","number/100mL"
"M35/6639","2406600","20-Sep 2004 10:40am","Water Temperature (Field)","13.0","C"
"M35/6639","2305816","18-Sep 2003 10:40am","Alkalinity to pH 4.5 as HCO3","31.000","mg/L  as HCO3"
"M35/6639","2305816","18-Sep 2003 10:40am","Ammoniacal Nitrogen","0.006","mg/L"
"M35/6639","2305816","18-Sep 2003 10:40am","Calcium, Dissolved","11.000","mg/L"
"M35/6639","2305816","18-Sep 2003 10:40am","Chloride","9.500","mg/L"
"M35/6639","2305816","18-Sep 2003 10:40am","Conductivity","16.0","mS/m"
"M35/6639","2305816","18-Sep 2003 10:40am","Conductivity (Field)","16.10","mS/m"
"M35/6639","2305816","18-Sep 2003 10:40am","Difference in Ion Balance","-0.071","%"
"M35/6639","2305816","18-Sep 2003 10:40am","Dissolved Oxygen","3.300","mg/L"
"M35/6639","2305816","18-Sep 2003 10:40am","Dissolved Oxygen Saturation","30.300","%"
"M35/6639","2305816","18-Sep 2003 10:40am","E. coli","<1","MPN/100mL"
"M35/6639","2305816","18-Sep 2003 10:40am","Hardness, Total","47.000","g/m3 as CaCO3"
"M35/6639","2305816","18-Sep 2003 10:40am","Iron, Dissolved","<0.030","mg/L"
"M35/6639","2305816","18-Sep 2003 10:40am","Magnesium, Dissolved","4.700","mg/L"
"M35/6639","2305816","18-Sep 2003 10:40am","Manganese, Dissolved","<0.0100","mg/L"
"M35/6639","2305816","18-Sep 2003 10:40am","Nitrate Nitrogen","5.600","mg/L"
"M35/6639","2305816","18-Sep 2003 10:40am","pH","6.6",""
"M35/6639","2305816","18-Sep 2003 10:40am","pH (Field)","6.60",""
"M35/6639","2305816","18-Sep 2003 10:40am","Potassium, Dissolved","1.400","mg/L"
"M35/6639","2305816","18-Sep 2003 10:40am","Silica, Reactive","11.000","mg/L  as SiO2"
"M35/6639","2305816","18-Sep 2003 10:40am","Sodium, Dissolved","10.000","mg/L"
"M35/6639","2305816","18-Sep 2003 10:40am","Sulphate","11.000","mg/L"
"M35/6639","2305816","18-Sep 2003 10:40am","Sum of anions","1.405","meq/L"
"M35/6639","2305816","18-Sep 2003 10:40am","Sum of cations","1.403","meq/L"
"M35/6639","2305816","18-Sep 2003 10:40am","Total Coliforms","4.00","number/100mL"
"M35/6639","2305816","18-Sep 2003 10:40am","Water Temperature (Field)","12.8","C"
"M35/6639","2205046","18-Sep 2002 11:50am","Alkalinity to pH 4.5 as HCO3","32.000","mg/L  as HCO3"
"M35/6639","2205046","18-Sep 2002 11:50am","Ammoniacal Nitrogen","<0.005","mg/L"
"M35/6639","2205046","18-Sep 2002 11:50am","Calcium, Total","11.000","mg/L"
"M35/6639","2205046","18-Sep 2002 11:50am","Chloride","11.000","mg/L"
"M35/6639","2205046","18-Sep 2002 11:50am","Conductivity","17.0","mS/m"
"M35/6639","2205046","18-Sep 2002 11:50am","Conductivity (Field)","16.30","mS/m"
"M35/6639","2205046","18-Sep 2002 11:50am","Difference in Ion Balance","-4.100","%"
"M35/6639","2205046","18-Sep 2002 11:50am","E. coli","<1","MPN/100mL"
"M35/6639","2205046","18-Sep 2002 11:50am","Hardness, Total","47.000","g/m3 as CaCO3"
"M35/6639","2205046","18-Sep 2002 11:50am","Iron, Total","0.180","mg/L"
"M35/6639","2205046","18-Sep 2002 11:50am","Magnesium, Total","4.700","mg/L"
"M35/6639","2205046","18-Sep 2002 11:50am","Manganese, Total","<0.01000","mg/L"
"M35/6639","2205046","18-Sep 2002 11:50am","Nitrate Nitrogen","6.300","mg/L"
"M35/6639","2205046","18-Sep 2002 11:50am","pH","6.5",""
"M35/6639","2205046","18-Sep 2002 11:50am","pH (Field)","6.50",""
"M35/6639","2205046","18-Sep 2002 11:50am","Potassium, Total","1.400","mg/L"
"M35/6639","2205046","18-Sep 2002 11:50am","Silica, Reactive","12.000","mg/L  as SiO2"
"M35/6639","2205046","18-Sep 2002 11:50am","Sodium, Total","10.000","mg/L"
"M35/6639","2205046","18-Sep 2002 11:50am","Sulphate","12.000","mg/L"
"M35/6639","2205046","18-Sep 2002 11:50am","Sum of anions","1.535","meq/L"
"M35/6639","2205046","18-Sep 2002 11:50am","Sum of cations","1.413","meq/L"
"M35/6639","2205046","18-Sep 2002 11:50am","Total Coliforms","<1.00","number/100mL"
"M35/6639","2205046","18-Sep 2002 11:50am","Water Temperature (Field)","12.9","C"
"M35/6639","2105722","20-Sep 2001 10:15am","Alkalinity to pH 4.5 as HCO3","27.000","mg/L  as HCO3"
"M35/6639","2105722","20-Sep 2001 10:15am","Ammoniacal Nitrogen","0.009","mg/L"
"M35/6639","2105722","20-Sep 2001 10:15am","Calcium, Total","11.000","mg/L"
"M35/6639","2105722","20-Sep 2001 10:15am","Chloride","10.000","mg/L"
"M35/6639","2105722","20-Sep 2001 10:15am","Conductivity","16.0","mS/m"
"M35/6639","2105722","20-Sep 2001 10:15am","Difference in Ion Balance","0.500","%"
"M35/6639","2105722","20-Sep 2001 10:15am","Dissolved Oxygen","5.100","mg/L"
"M35/6639","2105722","20-Sep 2001 10:15am","Dissolved Oxygen Saturation","47.600","%"
"M35/6639","2105722","20-Sep 2001 10:15am","E. coli","<1","MPN/100mL"
"M35/6639","2105722","20-Sep 2001 10:15am","Faecal Coliforms","<1","cfu/100mL"
"M35/6639","2105722","20-Sep 2001 10:15am","Hardness, Total","45.000","g/m3 as CaCO3"
"M35/6639","2105722","20-Sep 2001 10:15am","Iron, Total","<0.030","mg/L"
"M35/6639","2105722","20-Sep 2001 10:15am","Magnesium, Total","4.300","mg/L"
"M35/6639","2105722","20-Sep 2001 10:15am","Manganese, Total","<0.01000","mg/L"
"M35/6639","2105722","20-Sep 2001 10:15am","Nitrate Nitrogen","4.700","mg/L"
"M35/6639","2105722","20-Sep 2001 10:15am","pH","6.5",""
"M35/6639","2105722","20-Sep 2001 10:15am","Potassium, Total","1.400","mg/L"
"M35/6639","2105722","20-Sep 2001 10:15am","Silica, Reactive","11.000","mg/L  as SiO2"
"M35/6639","2105722","20-Sep 2001 10:15am","Sodium, Total","9.300","mg/L"
"M35/6639","2105722","20-Sep 2001 10:15am","Sulphate","13.000","mg/L"
"M35/6639","2105722","20-Sep 2001 10:15am","Sum of anions","1.331","meq/L"
"M35/6639","2105722","20-Sep 2001 10:15am","Sum of cations","1.344","meq/L"
"M35/6639","2105722","20-Sep 2001 10:15am","Total Coliforms","1.00","number/100mL"
"M35/6639","2105722","20-Sep 2001 10:15am","Water Temperature (Field)","12.9","C"
"M35/6639","2008164","19-Oct 2000 12:00pm","Alkalinity to pH 4.5 as HCO3","33.000","mg/L  as HCO3"
"M35/6639","2008164","19-Oct 2000 12:00pm","Ammoniacal Nitrogen","<0.005","mg/L"
"M35/6639","2008164","19-Oct 2000 12:00pm","Calcium, Total","12.000","mg/L"
"M35/6639","2008164","19-Oct 2000 12:00pm","Chloride","10.000","mg/L"
"M35/6639","2008164","19-Oct 2000 12:00pm","Conductivity","17.0","mS/m"
"M35/6639","2008164","19-Oct 2000 12:00pm","Conductivity (Field)","16.90","mS/m"
"M35/6639","2008164","19-Oct 2000 12:00pm","Difference in Ion Balance","-0.200","%"
"M35/6639","2008164","19-Oct 2000 12:00pm","Dissolved Oxygen","4.300","mg/L"
"M35/6639","2008164","19-Oct 2000 12:00pm","Dissolved Oxygen Saturation","41.000","%"
"M35/6639","2008164","19-Oct 2000 12:00pm","E. coli","<1","MPN/100mL"
"M35/6639","2008164","19-Oct 2000 12:00pm","Faecal Coliforms","<1","cfu/100mL"
"M35/6639","2008164","19-Oct 2000 12:00pm","Hardness, Total","51.000","g/m3 as CaCO3"
"M35/6639","2008164","19-Oct 2000 12:00pm","Iron, Total","<0.120","mg/L"
"M35/6639","2008164","19-Oct 2000 12:00pm","Magnesium, Total","5.000","mg/L"
"M35/6639","2008164","19-Oct 2000 12:00pm","Manganese, Total","<0.04000","mg/L"
"M35/6639","2008164","19-Oct 2000 12:00pm","Nitrate Nitrogen","6.400","mg/L"
"M35/6639","2008164","19-Oct 2000 12:00pm","pH","6.6",""
"M35/6639","2008164","19-Oct 2000 12:00pm","pH (Field)","6.30",""
"M35/6639","2008164","19-Oct 2000 12:00pm","Potassium, Total","1.400","mg/L"
"M35/6639","2008164","19-Oct 2000 12:00pm","Silica, Reactive","11.000","mg/L  as SiO2"
"M35/6639","2008164","19-Oct 2000 12:00pm","Sodium, Total","10.000","mg/L"
"M35/6639","2008164","19-Oct 2000 12:00pm","Sulphate","10.000","mg/L"
"M35/6639","2008164","19-Oct 2000 12:00pm","Sum of anions","1.488","meq/L"
"M35/6639","2008164","19-Oct 2000 12:00pm","Sum of cations","1.481","meq/L"
"M35/6639","2008164","19-Oct 2000 12:00pm","Total Coliforms","54.0","number/100mL"
"M35/6639","2008164","19-Oct 2000 12:00pm","Water Temperature (Field)","13.1","C"
"M35/6639","9902778","10-Nov 1999 13:45pm","Alkalinity to pH 4.5 as HCO3","31.000","mg/L  as HCO3"
"M35/6639","9902778","10-Nov 1999 13:45pm","Ammoniacal Nitrogen","0.009","mg/L"
"M35/6639","9902778","10-Nov 1999 13:45pm","Arsenic, Total","<0.0020","mg/L"
"M35/6639","9902778","10-Nov 1999 13:45pm","Bromide","0.050","g/m3"
"M35/6639","9902778","10-Nov 1999 13:45pm","Calcium, Total","12.000","mg/L"
"M35/6639","9902778","10-Nov 1999 13:45pm","Chloride","9.400","mg/L"
"M35/6639","9902778","10-Nov 1999 13:45pm","Conductivity","17.0","mS/m"
"M35/6639","9902778","10-Nov 1999 13:45pm","Difference in Ion Balance","-1.800","%"
"M35/6639","9902778","10-Nov 1999 13:45pm","E. coli","<1","MPN/100mL"
"M35/6639","9902778","10-Nov 1999 13:45pm","Faecal Coliforms","<1","cfu/100mL"
"M35/6639","9902778","10-Nov 1999 13:45pm","Hardness, Total","50.000","g/m3 as CaCO3"
"M35/6639","9902778","10-Nov 1999 13:45pm","Iron, Total","0.160","mg/L"
"M35/6639","9902778","10-Nov 1999 13:45pm","Magnesium, Total","4.800","mg/L"
"M35/6639","9902778","10-Nov 1999 13:45pm","Manganese, Total","<0.04000","mg/L"
"M35/6639","9902778","10-Nov 1999 13:45pm","Nitrate Nitrogen","7.600","mg/L"
"M35/6639","9902778","10-Nov 1999 13:45pm","pH","6.4",""
"M35/6639","9902778","10-Nov 1999 13:45pm","Potassium, Total","1.400","mg/L"
"M35/6639","9902778","10-Nov 1999 13:45pm","Silica, Reactive","11.000","mg/L  as SiO2"
"M35/6639","9902778","10-Nov 1999 13:45pm","Sodium, Total","10.000","mg/L"
"M35/6639","9902778","10-Nov 1999 13:45pm","Sulphate","10.000","mg/L"
"M35/6639","9902778","10-Nov 1999 13:45pm","Sum of anions","1.524","meq/L"
"M35/6639","9902778","10-Nov 1999 13:45pm","Sum of cations","1.470","meq/L"
"M35/6639","9902778","10-Nov 1999 13:45pm","Total Coliforms","12.0","number/100mL"